Workbook

Sheet Data Set 1
A2: Instructions | I2: Helpful Formulas
A3: 1 | B3: On Data Set 1, fill in data from the missing headers | I3: XLOOKUP | J3: COUNTIF | K3: RIGHT | L3: LEN
A4: 1a | B4: As best as possible. Show all transformation steps in formulas | I4: VLOOKUP | J4: SUM | K4: LEFT | L4: TEXT
A5: 1b | B5: Feel free to add any helper columns | I5: INDEX-MATCH | J5: SUMIF | K5: MID | L5: EDATE | M5: =M6 -> 0
A6: 1c | B6: You can search on the internet or ask the interviewer for help if you get stuck | I6: CONCAT | J6: MAX | K6: TRIM | L6: TODAY
A7: 2 | B7: full_name is first_name and last_name if they exist (i.e "Richard Lee") and blank if not ("") | I7: CONCATENATE | J7: MAXIF | K7: SUBSTITUTE | L7: SEARCH
A8: 3 | B8: displayname is full_name if it exists or company_name. displayname must be unique | I8: IF | J8: AVERAGE | K8: ROUND | L8: FIND
A9: 4 | B9: phone1 and phone2 should be numeric characters only and not start with a 1 | I9: IFNA
A10: 5 | B10: Please mark all customers with no service in 4 years as "Inactive", rest should be "Active"
A13: custId | B13: first_name | C13: last_name | D13: company_name | E13: address | F13: city | G13: state | H13: zip | I13: full_name | J13: displayname | K13: street_num | L13: phone1 | M13: phone2 | N13: email | O13: number_of_vehicles | P13: vehicle1_name | Q13: Vehcile-1 Comp Name | R13: vehicle1_last_service_date | S13: vehicle2_name | T13: Vehcile-2 Comp Name | U13: vehicle2_last_service_date | V13: total mileage | W13: customerlastservice | X13: status | Y13: MileageBrackets
A14: 1475 | D14: Acme Supply Co | E14: 1953 Telegraph Rd | F14: Saint Joseph | G14: MO | H14: 64504 | I14: =_xlfn.CONCAT(B14," ",C14) | J14: =IF(I14=" ",D14,I14) -> Acme Supply Co | K14: =_xlfn.TEXTBEFORE(E14, " ") -> 1953 | L14: =VLOOKUP(A14,'Data Set 3 - Contacts'!$A$2:$F$136,5,FALSE) -> 8165579673 | M14: =VLOOKUP(A14,'Data Set 3 - Contacts'!$A$2:$F$136,6,FALSE) | N14: =VLOOKUP(A14,'Data Set 3 - Contacts'!$A$2:$F$136,4,FALSE) -> diane@cox.net | O14: =_xlfn.XLOOKUP(A14,'Data Set 2 - Vehicles'!$A$2:$A$158,'Data Set 2 - Vehicles'!$B$2:$B$158,0,0,-1) -> 0 | P14: =_xlfn.XLOOKUP(A14,'Data Set 2 - Vehicles'!$A$2:$A$158,'Data Set 2 - Vehicles'!$E$2:$E$158,"Not Found",0,1) -> Not Found | Q14: =IF(_xlfn.CONCAT(_xlfn.XLOOKUP(A14,'Data Set 2 - Vehicles'!$A$2:$A$158,'Data Set 2 - Vehicles'!$D$2:$D$158,"Not Found",0,1)," ",_xlfn.XLOOKUP(A14,'Data Set 2 - Vehicles'!$A$2:$A$158,'Data Set 2 - Vehicles'!$E$2:$E$158,"Not Found",0,1))="Not Found Not Found", "Not Found",_xlfn.CONCAT(_xlfn.XLOOKUP(A14,'Data Set 2 - Vehicles'!$A$2:$A$158,'Data Set 2 - Vehicles'!$D$2:$D$158,"Not Found",0,1)," ",_xlfn.XLOOKUP(A14,'Data Set 2 - Vehicles'!$A$2:$A$158,'Data Set 2 - Vehicles'!$E$2:$E$158,"Not Found",0,1))) -> Not Found | R14: =_xlfn.XLOOKUP(A14,'Data Set 2 - Vehicles'!$A$2:$A$158,'Data Set 2 - Vehicles'!$O$2:$O$158,"",0,1) | S14: =IF(_xlfn.XLOOKUP(A14,'Data Set 2 - Vehicles'!$A$2:$A$158,'Data Set 2 - Vehicles'!$E$2:$E$158,"Has No Vehicle",0,-1)=P14,"Has Only One Vehicle",_xlfn.XLOOKUP(A14,'Data Set 2 - Vehicles'!$A$2:$A$158,'Data Set 2 - Vehicles'!$E$2:$E$158,"Has No Vehicle",0,-1)) -> Has No Vehicle | T14: =_xlfn.LET(_xlpm.mfcname,_xlfn.XLOOKUP(A14,'Data Set 2 - Vehicles'!$A$2:$A$158,'Data Set 2 - Vehicles'!$D$2:$D$158,"NF",0,-1),_xlpm.mdlname,_xlfn.XLOOKUP(A14,'Data Set 2 - Vehicles'!$A$2:$A$158,'Data Set 2 - Vehicles'!$E$2:$E$158,"NF",0,-1),_xlpm.vehcilename,_xlfn.CONCAT(_xlpm.mfcname," ",_xlpm.mdlname),IF(S14="Has No Vehicle","Has No Vehicle",IF(S14="Has Only One Vehicle","Has Only One Vehicle",IF(_xlpm.vehcilename="NF NF","Not Found",_xlpm.vehcilename)))) -> Has No Vehicle | U14: =_xlfn.LET(_xlpm.vserdate,_xlfn.XLOOKUP(A14,'Data Set 2 - Vehicles'!$A$2:$A$158,'Data Set 2 - Vehicles'!$O$2:$O$158,"NF",0,-1), IF(OR('Data Set 1'!S14="Has No Vehicle",'Data Set 1'!S14="Has Only One Vehicle"),'Data Set 1'!S14,_xlpm.vserdate)) -> Has No Vehicle | V14: =SUMIF('Data Set 2 - Vehicles'!$A$2:$A$158,'Data Set 1'!A14,'Data Set 2 - Vehicles'!$Q$2:$Q$158) -> 0 | W14: =_xlfn.LET(_xlpm.maxdate,_xlfn.MAXIFS('Data Set 2 - Vehicles'!$O$2:$O$158,'Data Set 2 - Vehicles'!$A$2:$A$158,'Data Set 1'!A14),IF(_xlpm.maxdate=0,"",_xlpm.maxdate)) | X14: =IF(W14="","No Service Record", IF(W14<EDATE(TODAY(),-48),"InActive","Active")) -> No Service Record | Y14: =IF(tblCustomers[[#This Row],[total mileage]]=0,"Customer has No Car", IF(AND(tblCustomers[[#This Row],[total mileage]]>0,tblCustomers[[#This Row],[total mileage]]<=100000),"50K - 100K", IF(AND(tblCustomers[[#This Row],[total mileage]]>100000,tblCustomers[[#This Row],[total mileage]]<=200000),"100K-200K","Mileage>200k"))) -> Customer has No Car
A15: 1352 | D15: Advantage Martgage Company | E15: 73 W Barstow Ave | F15: Arlington Heights | G15: IL | H15: 60004 | I15: =_xlfn.CONCAT(B15," ",C15) | J15: =IF(I15=" ",D15,I15) -> Advantage Martgage Company | K15: =_xlfn.TEXTBEFORE(E15, " ") -> 73 | L15: =VLOOKUP(A15,'Data Set 3 - Contacts'!$A$2:$F$136,5,FALSE) -> 8473532156 | M15: =VLOOKUP(A15,'Data Set 3 - Contacts'!$A$2:$F$136,6,FALSE) | N15: =VLOOKUP(A15,'Data Set 3 - Contacts'!$A$2:$F$136,4,FALSE) -> wacuff@gmail.com | O15: =_xlfn.XLOOKUP(A15,'Data Set 2 - Vehicles'!$A$2:$A$158,'Data Set 2 - Vehicles'!$B$2:$B$158,0,0,-1) -> 1 | P15: =_xlfn.XLOOKUP(A15,'Data Set 2 - Vehicles'!$A$2:$A$158,'Data Set 2 - Vehicles'!$E$2:$E$158,"Not Found",0,1) -> Mountaineer | Q15: =IF(_xlfn.CONCAT(_xlfn.XLOOKUP(A15,'Data Set 2 - Vehicles'!$A$2:$A$158,'Data Set 2 - Vehicles'!$D$2:$D$158,"Not Found",0,1)," ",_xlfn.XLOOKUP(A15,'Data Set 2 - Vehicles'!$A$2:$A$158,'Data Set 2 - Vehicles'!$E$2:$E$158,"Not Found",0,1))="Not Found Not Found", "Not Found",_xlfn.CONCAT(_xlfn.XLOOKUP(A15,'Data Set 2 - Vehicles'!$A$2:$A$158,'Data Set 2 - Vehicles'!$D$2:$D$158,"Not Found",0,1)," ",_xlfn.XLOOKUP(A15,'Data Set 2 - Vehicles'!$A$2:$A$158,'Data Set 2 - Vehicles'!$E$2:$E$158,"Not Found",0,1))) -> Mercury Mountaineer | R15: =_xlfn.XLOOKUP(A15,'Data Set 2 - Vehicles'!$A$2:$A$158,'Data Set 2 - Vehicles'!$O$2:$O$158,"",0,1) -> 42413 | S15: =IF(_xlfn.XLOOKUP(A15,'Data Set 2 - Vehicles'!$A$2:$A$158,'Data Set 2 - Vehicles'!$E$2:$E$158,"Has No Vehicle",0,-1)=P15,"Has Only One Vehicle",_xlfn.XLOOKUP(A15,'Data Set 2 - Vehicles'!$A$2:$A$158,'Data Set 2 - Vehicles'!$E$2:$E$158,"Has No Vehcile",0,-1)) -> Has Only One Vehicle | T15: =_xlfn.LET(_xlpm.mfcname,_xlfn.XLOOKUP(A15,'Data Set 2 - Vehicles'!$A$2:$A$158,'Data Set 2 - Vehicles'!$D$2:$D$158,"NF",0,-1),_xlpm.mdlname,_xlfn.XLOOKUP(A15,'Data Set 2 - Vehicles'!$A$2:$A$158,'Data Set 2 - Vehicles'!$E$2:$E$158,"NF",0,-1),_xlpm.vehcilename,_xlfn.CONCAT(_xlpm.mfcname," ",_xlpm.mdlname),IF(S15="Has No Vehicle","Has No Vehicle",IF(S15="Has Only One Vehicle","Has Only One Vehicle",IF(_xlpm.vehcilename="NF NF","Not Found",_xlpm.vehcilename)))) -> Has Only One Vehicle | U15: =_xlfn.LET(_xlpm.vserdate,_xlfn.XLOOKUP(A15,'Data Set 2 - Vehicles'!$A$2:$A$158,'Data Set 2 - Vehicles'!$O$2:$O$158,"NF",0,-1), IF(OR('Data Set 1'!S15="Has No Vehicle",'Data Set 1'!S15="Has Only One Vehicle"),'Data Set 1'!S15,_xlpm.vserdate)) -> Has Only One Vehicle | V15: =SUMIF('Data Set 2 - Vehicles'!$A$2:$A$158,'Data Set 1'!A15,'Data Set 2 - Vehicles'!$Q$2:$Q$158) -> 137028 | W15: =_xlfn.LET(_xlpm.maxdate,_xlfn.MAXIFS('Data Set 2 - Vehicles'!$O$2:$O$158,'Data Set 2 - Vehicles'!$A$2:$A$158,'Data Set 1'!A15),IF(_xlpm.maxdate=0,"",_xlpm.maxdate)) -> 42413 | X15: =IF(W15="","No Service Record", IF(W15<EDATE(TODAY(),-48),"InActive","Active")) -> InActive | Y15: =IF(tblCustomers[[#This Row],[total mileage]]=0,"Customer has No Car", IF(AND(tblCustomers[[#This Row],[total mileage]]>0,tblCustomers[[#This Row],[total mileage]]<=100000),"50K - 100K", IF(AND(tblCustomers[[#This Row],[total mileage]]>100000,tblCustomers[[#This Row],[total mileage]]<=200000),"100K-200K","Mileage>200k"))) -> 100K-200K
A16: 1076 | B16: Moon | C16: Parlato | E16: 74989 Brandon St | F16: Wellsville | G16: NY | H16: 14895 | I16: =_xlfn.CONCAT(B16," ",C16) -> Moon Parlato | J16: =IF(I16=" ",D16,I16) -> Moon Parlato | K16: =_xlfn.TEXTBEFORE(E16, " ") -> 74989 | L16: =VLOOKUP(A16,'Data Set 3 - Contacts'!$A$2:$F$136,5,FALSE) -> 5858668313 | M16: =VLOOKUP(A16,'Data Set 3 - Contacts'!$A$2:$F$136,6,FALSE) -> 5854984278 | N16: =VLOOKUP(A16,'Data Set 3 - Contacts'!$A$2:$F$136,4,FALSE) -> moon@yahoo.com | O16: =_xlfn.XLOOKUP(A16,'Data Set 2 - Vehicles'!$A$2:$A$158,'Data Set 2 - Vehicles'!$B$2:$B$158,0,0,-1) -> 2 | P16: =_xlfn.XLOOKUP(A16,'Data Set 2 - Vehicles'!$A$2:$A$158,'Data Set 2 - Vehicles'!$E$2:$E$158,"Not Found",0,1) -> F-Series | Q16: =IF(_xlfn.CONCAT(_xlfn.XLOOKUP(A16,'Data Set 2 - Vehicles'!$A$2:$A$158,'Data Set 2 - Vehicles'!$D$2:$D$158,"Not Found",0,1)," ",_xlfn.XLOOKUP(A16,'Data Set 2 - Vehicles'!$A$2:$A$158,'Data Set 2 - Vehicles'!$E$2:$E$158,"Not Found",0,1))="Not Found Not Found", "Not Found",_xlfn.CONCAT(_xlfn.XLOOKUP(A16,'Data Set 2 - Vehicles'!$A$2:$A$158,'Data Set 2 - Vehicles'!$D$2:$D$158,"Not Found",0,1)," ",_xlfn.XLOOKUP(A16,'Data Set 2 - Vehicles'!$A$2:$A$158,'Data Set 2 - Vehicles'!$E$2:$E$158,"Not Found",0,1))) -> Ford F-Series | R16: =_xlfn.XLOOKUP(A16,'Data Set 2 - Vehicles'!$A$2:$A$158,'Data Set 2 - Vehicles'!$O$2:$O$158,"",0,1) -> 38580 | S16: =IF(_xlfn.XLOOKUP(A16,'Data Set 2 - Vehicles'!$A$2:$A$158,'Data Set 2 - Vehicles'!$E$2:$E$158,"Has No Vehicle",0,-1)=P16,"Has Only One Vehicle",_xlfn.XLOOKUP(A16,'Data Set 2 - Vehicles'!$A$2:$A$158,'Data Set 2 - Vehicles'!$E$2:$E$158,"Has No Vehcile",0,-1)) -> Park Avenue | T16: =_xlfn.LET(_xlpm.mfcname,_xlfn.XLOOKUP(A16,'Data Set 2 - Vehicles'!$A$2:$A$158,'Data Set 2 - Vehicles'!$D$2:$D$158,"NF",0,-1),_xlpm.mdlname,_xlfn.XLOOKUP(A16,'Data Set 2 - Vehicles'!$A$2:$A$158,'Data Set 2 - Vehicles'!$E$2:$E$158,"NF",0,-1),_xlpm.vehcilename,_xlfn.CONCAT(_xlpm.mfcname," ",_xlpm.mdlname),IF(S16="Has No Vehicle","Has No Vehicle",IF(S16="Has Only One Vehicle","Has Only One Vehicle",IF(_xlpm.vehcilename="NF NF","Not Found",_xlpm.vehcilename)))) -> Buick Park Avenue | U16: =_xlfn.LET(_xlpm.vserdate,_xlfn.XLOOKUP(A16,'Data Set 2 - Vehicles'!$A$2:$A$158,'Data Set 2 - Vehicles'!$O$2:$O$158,"NF",0,-1), IF(OR('Data Set 1'!S16="Has No Vehicle",'Data Set 1'!S16="Has Only One Vehicle"),'Data Set 1'!S16,_xlpm.vserdate)) -> 40625 | V16: =SUMIF('Data Set 2 - Vehicles'!$A$2:$A$158,'Data Set 1'!A16,'Data Set 2 - Vehicles'!$Q$2:$Q$158) -> 518924 | W16: =_xlfn.LET(_xlpm.maxdate,_xlfn.MAXIFS('Data Set 2 - Vehicles'!$O$2:$O$158,'Data Set 2 - Vehicles'!$A$2:$A$158,'Data Set 1'!A16),IF(_xlpm.maxdate=0,"",_xlpm.maxdate)) -> 40625 | X16: =IF(W16="","No Service Record", IF(W16<EDATE(TODAY(),-48),"InActive","Active")) -> InActive | Y16: =IF(tblCustomers[[#This Row],[total mileage]]=0,"Customer has No Car", IF(AND(tblCustomers[[#This Row],[total mileage]]>0,tblCustomers[[#This Row],[total mileage]]<=100000),"50K - 100K", IF(AND(tblCustomers[[#This Row],[total mileage]]>100000,tblCustomers[[#This Row],[total mileage]]<=200000),"100K-200K","Mileage>200k"))) -> Mileage>200k
A17: 1180 | D17: Anchorage Museum Of Hist & Art | E17: 3 State Route 35 S | F17: Paramus | G17: NJ | H17: 7652 | I17: =_xlfn.CONCAT(B17," ",C17) | J17: =IF(I17=" ",D17,I17) -> Anchorage Museum Of Hist & Art | K17: =_xlfn.TEXTBEFORE(E17, " ") -> 3 | L17: =VLOOKUP(A17,'Data Set 3 - Contacts'!$A$2:$F$136,5,FALSE) -> 2019711638 | M17: =VLOOKUP(A17,'Data Set 3 - Contacts'!$A$2:$F$136,6,FALSE) -> 2012478925 | N17: =VLOOKUP(A17,'Data Set 3 - Contacts'!$A$2:$F$136,4,FALSE) -> nelida@gmail.com | O17: =_xlfn.XLOOKUP(A17,'Data Set 2 - Vehicles'!$A$2:$A$158,'Data Set 2 - Vehicles'!$B$2:$B$158,0,0,-1) -> 1 | P17: =_xlfn.XLOOKUP(A17,'Data Set 2 - Vehicles'!$A$2:$A$158,'Data Set 2 - Vehicles'!$E$2:$E$158,"Not Found",0,1) -> Intrepid | Q17: =IF(_xlfn.CONCAT(_xlfn.XLOOKUP(A17,'Data Set 2 - Vehicles'!$A$2:$A$158,'Data Set 2 - Vehicles'!$D$2:$D$158,"Not Found",0,1)," ",_xlfn.XLOOKUP(A17,'Data Set 2 - Vehicles'!$A$2:$A$158,'Data Set 2 - Vehicles'!$E$2:$E$158,"Not Found",0,1))="Not Found Not Found", "Not Found",_xlfn.CONCAT(_xlfn.XLOOKUP(A17,'Data Set 2 - Vehicles'!$A$2:$A$158,'Data Set 2 - Vehicles'!$D$2:$D$158,"Not Found",0,1)," ",_xlfn.XLOOKUP(A17,'Data Set 2 - Vehicles'!$A$2:$A$158,'Data Set 2 - Vehicles'!$E$2:$E$158,"Not Found",0,1))) -> Dodge Intrepid | R17: =_xlfn.XLOOKUP(A17,'Data Set 2 - Vehicles'!$A$2:$A$158,'Data Set 2 - Vehicles'!$O$2:$O$158,"",0,1) -> 45079 | S17: =IF(_xlfn.XLOOKUP(A17,'Data Set 2 - Vehicles'!$A$2:$A$158,'Data Set 2 - Vehicles'!$E$2:$E$158,"Has No Vehicle",0,-1)=P17,"Has Only One Vehicle",_xlfn.XLOOKUP(A17,'Data Set 2 - Vehicles'!$A$2:$A$158,'Data Set 2 - Vehicles'!$E$2:$E$158,"Has No Vehcile",0,-1)) -> Has Only One Vehicle | T17: =_xlfn.LET(_xlpm.mfcname,_xlfn.XLOOKUP(A17,'Data Set 2 - Vehicles'!$A$2:$A$158,'Data Set 2 - Vehicles'!$D$2:$D$158,"NF",0,-1),_xlpm.mdlname,_xlfn.XLOOKUP(A17,'Data Set 2 - Vehicles'!$A$2:$A$158,'Data Set 2 - Vehicles'!$E$2:$E$158,"NF",0,-1),_xlpm.vehcilename,_xlfn.CONCAT(_xlpm.mfcname," ",_xlpm.mdlname),IF(S17="Has No Vehicle","Has No Vehicle",IF(S17="Has Only One Vehicle","Has Only One Vehicle",IF(_xlpm.vehcilename="NF NF","Not Found",_xlpm.vehcilename)))) -> Has Only One Vehicle | U17: =_xlfn.LET(_xlpm.vserdate,_xlfn.XLOOKUP(A17,'Data Set 2 - Vehicles'!$A$2:$A$158,'Data Set 2 - Vehicles'!$O$2:$O$158,"NF",0,-1), IF(OR('Data Set 1'!S17="Has No Vehicle",'Data Set 1'!S17="Has Only One Vehicle"),'Data Set 1'!S17,_xlpm.vserdate)) -> Has Only One Vehicle | V17: =SUMIF('Data Set 2 - Vehicles'!$A$2:$A$158,'Data Set 1'!A17,'Data Set 2 - Vehicles'!$Q$2:$Q$158) -> 247285 | W17: =_xlfn.LET(_xlpm.maxdate,_xlfn.MAXIFS('Data Set 2 - Vehicles'!$O$2:$O$158,'Data Set 2 - Vehicles'!$A$2:$A$158,'Data Set 1'!A17),IF(_xlpm.maxdate=0,"",_xlpm.maxdate)) -> 45079 | X17: =IF(W17="","No Service Record", IF(W17<EDATE(TODAY(),-48),"InActive","Active")) -> Active | Y17: =IF(tblCustomers[[#This Row],[total mileage]]=0,"Customer has No Car", IF(AND(tblCustomers[[#This Row],[total mileage]]>0,tblCustomers[[#This Row],[total mileage]]<=100000),"50K - 100K", IF(AND(tblCustomers[[#This Row],[total mileage]]>100000,tblCustomers[[#This Row],[total mileage]]<=200000),"100K-200K","Mileage>200k"))) -> Mileage>200k
A18: 1177 | B18: Joesph | C18: Degonia | D18: A R Packaging | E18: 2887 Knowlton St #5435 | F18: Berkeley | G18: CA | H18: 94710 | I18: =_xlfn.CONCAT(B18," ",C18) -> Joesph Degonia | J18: =IF(I18=" ",D18,I18) -> Joesph Degonia | K18: =_xlfn.TEXTBEFORE(E18, " ") -> 2887 | L18: =VLOOKUP(A18,'Data Set 3 - Contacts'!$A$2:$F$136,5,FALSE) -> 5106779785 | M18: =VLOOKUP(A18,'Data Set 3 - Contacts'!$A$2:$F$136,6,FALSE) -> 5109425916 | N18: =VLOOKUP(A18,'Data Set 3 - Contacts'!$A$2:$F$136,4,FALSE) -> joesph_degonia@degonia.org | O18: =_xlfn.XLOOKUP(A18,'Data Set 2 - Vehicles'!$A$2:$A$158,'Data Set 2 - Vehicles'!$B$2:$B$158,0,0,-1) -> 2 | P18: =_xlfn.XLOOKUP(A18,'Data Set 2 - Vehicles'!$A$2:$A$158,'Data Set 2 - Vehicles'!$E$2:$E$158,"Not Found",0,1) -> 328i | Q18: =IF(_xlfn.CONCAT(_xlfn.XLOOKUP(A18,'Data Set 2 - Vehicles'!$A$2:$A$158,'Data Set 2 - Vehicles'!$D$2:$D$158,"Not Found",0,1)," ",_xlfn.XLOOKUP(A18,'Data Set 2 - Vehicles'!$A$2:$A$158,'Data Set 2 - Vehicles'!$E$2:$E$158,"Not Found",0,1))="Not Found Not Found", "Not Found",_xlfn.CONCAT(_xlfn.XLOOKUP(A18,'Data Set 2 - Vehicles'!$A$2:$A$158,'Data Set 2 - Vehicles'!$D$2:$D$158,"Not Found",0,1)," ",_xlfn.XLOOKUP(A18,'Data Set 2 - Vehicles'!$A$2:$A$158,'Data Set 2 - Vehicles'!$E$2:$E$158,"Not Found",0,1))) -> BMW 328i | R18: =_xlfn.XLOOKUP(A18,'Data Set 2 - Vehicles'!$A$2:$A$158,'Data Set 2 - Vehicles'!$O$2:$O$158,"",0,1) -> 39111 | S18: =IF(_xlfn.XLOOKUP(A18,'Data Set 2 - Vehicles'!$A$2:$A$158,'Data Set 2 - Vehicles'!$E$2:$E$158,"Has No Vehicle",0,-1)=P18,"Has Only One Vehicle",_xlfn.XLOOKUP(A18,'Data Set 2 - Vehicles'!$A$2:$A$158,'Data Set 2 - Vehicles'!$E$2:$E$158,"Has No Vehcile",0,-1)) -> Explorer | T18: =_xlfn.LET(_xlpm.mfcname,_xlfn.XLOOKUP(A18,'Data Set 2 - Vehicles'!$A$2:$A$158,'Data Set 2 - Vehicles'!$D$2:$D$158,"NF",0,-1),_xlpm.mdlname,_xlfn.XLOOKUP(A18,'Data Set 2 - Vehicles'!$A$2:$A$158,'Data Set 2 - Vehicles'!$E$2:$E$158,"NF",0,-1),_xlpm.vehcilename,_xlfn.CONCAT(_xlpm.mfcname," ",_xlpm.mdlname),IF(S18="Has No Vehicle","Has No Vehicle",IF(S18="Has Only One Vehicle","Has Only One Vehicle",IF(_xlpm.vehcilename="NF NF","Not Found",_xlpm.vehcilename)))) -> Ford Explorer | U18: =_xlfn.LET(_xlpm.vserdate,_xlfn.XLOOKUP(A18,'Data Set 2 - Vehicles'!$A$2:$A$158,'Data Set 2 - Vehicles'!$O$2:$O$158,"NF",0,-1), IF(OR('Data Set 1'!S18="Has No Vehicle",'Data Set 1'!S18="Has Only One Vehicle"),'Data Set 1'!S18,_xlpm.vserdate)) -> 44676 | V18: =SUMIF('Data Set 2 - Vehicles'!$A$2:$A$158,'Data Set 1'!A18,'Data Set 2 - Vehicles'!$Q$2:$Q$158) -> 356504 | W18: =_xlfn.LET(_xlpm.maxdate,_xlfn.MAXIFS('Data Set 2 - Vehicles'!$O$2:$O$158,'Data Set 2 - Vehicles'!$A$2:$A$158,'Data Set 1'!A18),IF(_xlpm.maxdate=0,"",_xlpm.maxdate)) -> 44676 | X18: =IF(W18="","No Service Record", IF(W18<EDATE(TODAY(),-48),"InActive","Active")) -> InActive | Y18: =IF(tblCustomers[[#This Row],[total mileage]]=0,"Customer has No Car", IF(AND(tblCustomers[[#This Row],[total mileage]]>0,tblCustomers[[#This Row],[total mileage]]<=100000),"50K - 100K", IF(AND(tblCustomers[[#This Row],[total mileage]]>100000,tblCustomers[[#This Row],[total mileage]]<=200000),"100K-200K","Mileage>200k"))) -> Mileage>200k
A19: 1132 | B19: Howard | C19: Paulas | E19: 866 34th Ave | F19: Denver | G19: CO | H19: 80231 | I19: =_xlfn.CONCAT(B19," ",C19) -> Howard Paulas | J19: =IF(I19=" ",D19,I19) -> Howard Paulas | K19: =_xlfn.TEXTBEFORE(E19, " ") -> 866 | L19: =VLOOKUP(A19,'Data Set 3 - Contacts'!$A$2:$F$136,5,FALSE) -> 3036234241 | M19: =VLOOKUP(A19,'Data Set 3 - Contacts'!$A$2:$F$136,6,FALSE) | N19: =VLOOKUP(A19,'Data Set 3 - Contacts'!$A$2:$F$136,4,FALSE) -> hpaulas@gmail.com | O19: =_xlfn.XLOOKUP(A19,'Data Set 2 - Vehicles'!$A$2:$A$158,'Data Set 2 - Vehicles'!$B$2:$B$158,0,0,-1) -> 2 | P19: =_xlfn.XLOOKUP(A19,'Data Set 2 - Vehicles'!$A$2:$A$158,'Data Set 2 - Vehicles'!$E$2:$E$158,"Not Found",0,1) -> Grand Am | Q19: =IF(_xlfn.CONCAT(_xlfn.XLOOKUP(A19,'Data Set 2 - Vehicles'!$A$2:$A$158,'Data Set 2 - Vehicles'!$D$2:$D$158,"Not Found",0,1)," ",_xlfn.XLOOKUP(A19,'Data Set 2 - Vehicles'!$A$2:$A$158,'Data Set 2 - Vehicles'!$E$2:$E$158,"Not Found",0,1))="Not Found Not Found", "Not Found",_xlfn.CONCAT(_xlfn.XLOOKUP(A19,'Data Set 2 - Vehicles'!$A$2:$A$158,'Data Set 2 - Vehicles'!$D$2:$D$158,"Not Found",0,1)," ",_xlfn.XLOOKUP(A19,'Data Set 2 - Vehicles'!$A$2:$A$158,'Data Set 2 - Vehicles'!$E$2:$E$158,"Not Found",0,1))) -> Pontiac Grand Am | R19: =_xlfn.XLOOKUP(A19,'Data Set 2 - Vehicles'!$A$2:$A$158,'Data Set 2 - Vehicles'!$O$2:$O$158,"",0,1) -> 41969 | S19: =IF(_xlfn.XLOOKUP(A19,'Data Set 2 - Vehicles'!$A$2:$A$158,'Data Set 2 - Vehicles'!$E$2:$E$158,"Has No Vehicle",0,-1)=P19,"Has Only One Vehicle",_xlfn.XLOOKUP(A19,'Data Set 2 - Vehicles'!$A$2:$A$158,'Data Set 2 - Vehicles'!$E$2:$E$158,"Has No Vehcile",0,-1)) -> 4Runner | T19: =_xlfn.LET(_xlpm.mfcname,_xlfn.XLOOKUP(A19,'Data Set 2 - Vehicles'!$A$2:$A$158,'Data Set 2 - Vehicles'!$D$2:$D$158,"NF",0,-1),_xlpm.mdlname,_xlfn.XLOOKUP(A19,'Data Set 2 - Vehicles'!$A$2:$A$158,'Data Set 2 - Vehicles'!$E$2:$E$158,"NF",0,-1),_xlpm.vehcilename,_xlfn.CONCAT(_xlpm.mfcname," ",_xlpm.mdlname),IF(S19="Has No Vehicle","Has No Vehicle",IF(S19="Has Only One Vehicle","Has Only One Vehicle",IF(_xlpm.vehcilename="NF NF","Not Found",_xlpm.vehcilename)))) -> Toyota 4Runner | U19: =_xlfn.LET(_xlpm.vserdate,_xlfn.XLOOKUP(A19,'Data Set 2 - Vehicles'!$A$2:$A$158,'Data Set 2 - Vehicles'!$O$2:$O$158,"NF",0,-1), IF(OR('Data Set 1'!S19="Has No Vehicle",'Data Set 1'!S19="Has Only One Vehicle"),'Data Set 1'!S19,_xlpm.vserdate)) -> 42436 | V19: =SUMIF('Data Set 2 - Vehicles'!$A$2:$A$158,'Data Set 1'!A19,'Data Set 2 - Vehicles'!$Q$2:$Q$158) -> 329686 | W19: =_xlfn.LET(_xlpm.maxdate,_xlfn.MAXIFS('Data Set 2 - Vehicles'!$O$2:$O$158,'Data Set 2 - Vehicles'!$A$2:$A$158,'Data Set 1'!A19),IF(_xlpm.maxdate=0,"",_xlpm.maxdate)) -> 42436 | X19: =IF(W19="","No Service Record", IF(W19<EDATE(TODAY(),-48),"InActive","Active")) -> InActive | Y19: =IF(tblCustomers[[#This Row],[total mileage]]=0,"Customer has No Car", IF(AND(tblCustomers[[#This Row],[total mileage]]>0,tblCustomers[[#This Row],[total mileage]]<=100000),"50K - 100K", IF(AND(tblCustomers[[#This Row],[total mileage]]>100000,tblCustomers[[#This Row],[total mileage]]<=200000),"100K-200K","Mileage>200k"))) -> Mileage>200k
A20: 1372 | D20: Baird Kurtz & Dobson | E20: 82 Winsor St #54 | F20: Atlanta | G20: GA | H20: 30340 | I20: =_xlfn.CONCAT(B20," ",C20) | J20: =IF(I20=" ",D20,I20) -> Baird Kurtz & Dobson | K20: =_xlfn.TEXTBEFORE(E20, " ") -> 82 | L20: =VLOOKUP(A20,'Data Set 3 - Contacts'!$A$2:$F$136,5,FALSE) -> 7708443447 | M20: =VLOOKUP(A20,'Data Set 3 - Contacts'!$A$2:$F$136,6,FALSE) -> 7705844119 | N20: =VLOOKUP(A20,'Data Set 3 - Contacts'!$A$2:$F$136,4,FALSE) -> izetta.funnell@hotmail.com | O20: =_xlfn.XLOOKUP(A20,'Data Set 2 - Vehicles'!$A$2:$A$158,'Data Set 2 - Vehicles'!$B$2:$B$158,0,0,-1) -> 2 | P20: =_xlfn.XLOOKUP(A20,'Data Set 2 - Vehicles'!$A$2:$A$158,'Data Set 2 - Vehicles'!$E$2:$E$158,"Not Found",0,1) -> Tacoma | Q20: =IF(_xlfn.CONCAT(_xlfn.XLOOKUP(A20,'Data Set 2 - Vehicles'!$A$2:$A$158,'Data Set 2 - Vehicles'!$D$2:$D$158,"Not Found",0,1)," ",_xlfn.XLOOKUP(A20,'Data Set 2 - Vehicles'!$A$2:$A$158,'Data Set 2 - Vehicles'!$E$2:$E$158,"Not Found",0,1))="Not Found Not Found", "Not Found",_xlfn.CONCAT(_xlfn.XLOOKUP(A20,'Data Set 2 - Vehicles'!$A$2:$A$158,'Data Set 2 - Vehicles'!$D$2:$D$158,"Not Found",0,1)," ",_xlfn.XLOOKUP(A20,'Data Set 2 - Vehicles'!$A$2:$A$158,'Data Set 2 - Vehicles'!$E$2:$E$158,"Not Found",0,1))) -> Toyota Tacoma | R20: =_xlfn.XLOOKUP(A20,'Data Set 2 - Vehicles'!$A$2:$A$158,'Data Set 2 - Vehicles'!$O$2:$O$158,"",0,1) -> 41122 | S20: =IF(_xlfn.XLOOKUP(A20,'Data Set 2 - Vehicles'!$A$2:$A$158,'Data Set 2 - Vehicles'!$E$2:$E$158,"Has No Vehicle",0,-1)=P20,"Has Only One Vehicle",_xlfn.XLOOKUP(A20,'Data Set 2 - Vehicles'!$A$2:$A$158,'Data Set 2 - Vehicles'!$E$2:$E$158,"Has No Vehcile",0,-1)) -> Voyager | T20: =_xlfn.LET(_xlpm.mfcname,_xlfn.XLOOKUP(A20,'Data Set 2 - Vehicles'!$A$2:$A$158,'Data Set 2 - Vehicles'!$D$2:$D$158,"NF",0,-1),_xlpm.mdlname,_xlfn.XLOOKUP(A20,'Data Set 2 - Vehicles'!$A$2:$A$158,'Data Set 2 - Vehicles'!$E$2:$E$158,"NF",0,-1),_xlpm.vehcilename,_xlfn.CONCAT(_xlpm.mfcname," ",_xlpm.mdlname),IF(S20="Has No Vehicle","Has No Vehicle",IF(S20="Has Only One Vehicle","Has Only One Vehicle",IF(_xlpm.vehcilename="NF NF","Not Found",_xlpm.vehcilename)))) -> Plymouth Voyager | U20: =_xlfn.LET(_xlpm.vserdate,_xlfn.XLOOKUP(A20,'Data Set 2 - Vehicles'!$A$2:$A$158,'Data Set 2 - Vehicles'!$O$2:$O$158,"NF",0,-1), IF(OR('Data Set 1'!S20="Has No Vehicle",'Data Set 1'!S20="Has Only One Vehicle"),'Data Set 1'!S20,_xlpm.vserdate)) -> 45040 | V20: =SUMIF('Data Set 2 - Vehicles'!$A$2:$A$158,'Data Set 1'!A20,'Data Set 2 - Vehicles'!$Q$2:$Q$158) -> 331078 | W20: =_xlfn.LET(_xlpm.maxdate,_xlfn.MAXIFS('Data Set 2 - Vehicles'!$O$2:$O$158,'Data Set 2 - Vehicles'!$A$2:$A$158,'Data Set 1'!A20),IF(_xlpm.maxdate=0,"",_xlpm.maxdate)) -> 45040 | X20: =IF(W20="","No Service Record", IF(W20<EDATE(TODAY(),-48),"InActive","Active")) -> Active | Y20: =IF(tblCustomers[[#This Row],[total mileage]]=0,"Customer has No Car", IF(AND(tblCustomers[[#This Row],[total mileage]]>0,tblCustomers[[#This Row],[total mileage]]<=100000),"50K - 100K", IF(AND(tblCustomers[[#This Row],[total mileage]]>100000,tblCustomers[[#This Row],[total mileage]]<=200000),"100K-200K","Mileage>200k"))) -> Mileage>200k
A21: 1052 | B21: Lorrie | C21: Nestle | D21: Ballard Spahr Andrews | E21: 39 S 7th St | F21: Tullahoma | G21: TN | H21: 37388 | I21: =_xlfn.CONCAT(B21," ",C21) -> Lorrie Nestle | J21: =IF(I21=" ",D21,I21) -> Lorrie Nestle | K21: =_xlfn.TEXTBEFORE(E21, " ") -> 39 | L21: =VLOOKUP(A21,'Data Set 3 - Contacts'!$A$2:$F$136,5,FALSE) -> 9318756644 | M21: =VLOOKUP(A21,'Data Set 3 - Contacts'!$A$2:$F$136,6,FALSE) | N21: =VLOOKUP(A21,'Data Set 3 - Contacts'!$A$2:$F$136,4,FALSE) -> lnestle@hotmail.com | O21: =_xlfn.XLOOKUP(A21,'Data Set 2 - Vehicles'!$A$2:$A$158,'Data Set 2 - Vehicles'!$B$2:$B$158,0,0,-1) -> 1 | P21: =_xlfn.XLOOKUP(A21,'Data Set 2 - Vehicles'!$A$2:$A$158,'Data Set 2 - Vehicles'!$E$2:$E$158,"Not Found",0,1) -> LS400 | Q21: =IF(_xlfn.CONCAT(_xlfn.XLOOKUP(A21,'Data Set 2 - Vehicles'!$A$2:$A$158,'Data Set 2 - Vehicles'!$D$2:$D$158,"Not Found",0,1)," ",_xlfn.XLOOKUP(A21,'Data Set 2 - Vehicles'!$A$2:$A$158,'Data Set 2 - Vehicles'!$E$2:$E$158,"Not Found",0,1))="Not Found Not Found", "Not Found",_xlfn.CONCAT(_xlfn.XLOOKUP(A21,'Data Set 2 - Vehicles'!$A$2:$A$158,'Data Set 2 - Vehicles'!$D$2:$D$158,"Not Found",0,1)," ",_xlfn.XLOOKUP(A21,'Data Set 2 - Vehicles'!$A$2:$A$158,'Data Set 2 - Vehicles'!$E$2:$E$158,"Not Found",0,1))) -> Lexus LS400 | R21: =_xlfn.XLOOKUP(A21,'Data Set 2 - Vehicles'!$A$2:$A$158,'Data Set 2 - Vehicles'!$O$2:$O$158,"",0,1) -> 45380 | S21: =IF(_xlfn.XLOOKUP(A21,'Data Set 2 - Vehicles'!$A$2:$A$158,'Data Set 2 - Vehicles'!$E$2:$E$158,"Has No Vehicle",0,-1)=P21,"Has Only One Vehicle",_xlfn.XLOOKUP(A21,'Data Set 2 - Vehicles'!$A$2:$A$158,'Data Set 2 - Vehicles'!$E$2:$E$158,"Has No Vehcile",0,-1)) -> Has Only One Vehicle | T21: =_xlfn.LET(_xlpm.mfcname,_xlfn.XLOOKUP(A21,'Data Set 2 - Vehicles'!$A$2:$A$158,'Data Set 2 - Vehicles'!$D$2:$D$158,"NF",0,-1),_xlpm.mdlname,_xlfn.XLOOKUP(A21,'Data Set 2 - Vehicles'!$A$2:$A$158,'Data Set 2 - Vehicles'!$E$2:$E$158,"NF",0,-1),_xlpm.vehcilename,_xlfn.CONCAT(_xlpm.mfcname," ",_xlpm.mdlname),IF(S21="Has No Vehicle","Has No Vehicle",IF(S21="Has Only One Vehicle","Has Only One Vehicle",IF(_xlpm.vehcilename="NF NF","Not Found",_xlpm.vehcilename)))) -> Has Only One Vehicle | U21: =_xlfn.LET(_xlpm.vserdate,_xlfn.XLOOKUP(A21,'Data Set 2 - Vehicles'!$A$2:$A$158,'Data Set 2 - Vehicles'!$O$2:$O$158,"NF",0,-1), IF(OR('Data Set 1'!S21="Has No Vehicle",'Data Set 1'!S21="Has Only One Vehicle"),'Data Set 1'!S21,_xlpm.vserdate)) -> Has Only One Vehicle | V21: =SUMIF('Data Set 2 - Vehicles'!$A$2:$A$158,'Data Set 1'!A21,'Data Set 2 - Vehicles'!$Q$2:$Q$158) -> 92262 | W21: =_xlfn.LET(_xlpm.maxdate,_xlfn.MAXIFS('Data Set 2 - Vehicles'!$O$2:$O$158,'Data Set 2 - Vehicles'!$A$2:$A$158,'Data Set 1'!A21),IF(_xlpm.maxdate=0,"",_xlpm.maxdate)) -> 45380 | X21: =IF(W21="","No Service Record", IF(W21<EDATE(TODAY(),-48),"InActive","Active")) -> Active | Y21: =IF(tblCustomers[[#This Row],[total mileage]]=0,"Customer has No Car", IF(AND(tblCustomers[[#This Row],[total mileage]]>0,tblCustomers[[#This Row],[total mileage]]<=100000),"50K - 100K", IF(AND(tblCustomers[[#This Row],[total mileage]]>100000,tblCustomers[[#This Row],[total mileage]]<=200000),"100K-200K","Mileage>200k"))) -> 50K - 100K
A22: 1174 | B22: Sylvia | C22: Cousey | E22: 287 Youngstown Warren Rd | F22: Hampstead | G22: MD | H22: 21074 | I22: =_xlfn.CONCAT(B22," ",C22) -> Sylvia Cousey | J22: =IF(I22=" ",D22,I22) -> Sylvia Cousey | K22: =_xlfn.TEXTBEFORE(E22, " ") -> 287 | L22: =VLOOKUP(A22,'Data Set 3 - Contacts'!$A$2:$F$136,5,FALSE) -> 4102099545 | M22: =VLOOKUP(A22,'Data Set 3 - Contacts'!$A$2:$F$136,6,FALSE) | N22: =VLOOKUP(A22,'Data Set 3 - Contacts'!$A$2:$F$136,4,FALSE) -> sylvia_cousey@cousey.org | O22: =_xlfn.XLOOKUP(A22,'Data Set 2 - Vehicles'!$A$2:$A$158,'Data Set 2 - Vehicles'!$B$2:$B$158,0,0,-1) -> 1 | P22: =_xlfn.XLOOKUP(A22,'Data Set 2 - Vehicles'!$A$2:$A$158,'Data Set 2 - Vehicles'!$E$2:$E$158,"Not Found",0,1) -> Sonata | Q22: =IF(_xlfn.CONCAT(_xlfn.XLOOKUP(A22,'Data Set 2 - Vehicles'!$A$2:$A$158,'Data Set 2 - Vehicles'!$D$2:$D$158,"Not Found",0,1)," ",_xlfn.XLOOKUP(A22,'Data Set 2 - Vehicles'!$A$2:$A$158,'Data Set 2 - Vehicles'!$E$2:$E$158,"Not Found",0,1))="Not Found Not Found", "Not Found",_xlfn.CONCAT(_xlfn.XLOOKUP(A22,'Data Set 2 - Vehicles'!$A$2:$A$158,'Data Set 2 - Vehicles'!$D$2:$D$158,"Not Found",0,1)," ",_xlfn.XLOOKUP(A22,'Data Set 2 - Vehicles'!$A$2:$A$158,'Data Set 2 - Vehicles'!$E$2:$E$158,"Not Found",0,1))) -> Hyundai Sonata | R22: =_xlfn.XLOOKUP(A22,'Data Set 2 - Vehicles'!$A$2:$A$158,'Data Set 2 - Vehicles'!$O$2:$O$158,"",0,1) -> 44726 | S22: =IF(_xlfn.XLOOKUP(A22,'Data Set 2 - Vehicles'!$A$2:$A$158,'Data Set 2 - Vehicles'!$E$2:$E$158,"Has No Vehicle",0,-1)=P22,"Has Only One Vehicle",_xlfn.XLOOKUP(A22,'Data Set 2 - Vehicles'!$A$2:$A$158,'Data Set 2 - Vehicles'!$E$2:$E$158,"Has No Vehcile",0,-1)) -> Has Only One Vehicle | T22: =_xlfn.LET(_xlpm.mfcname,_xlfn.XLOOKUP(A22,'Data Set 2 - Vehicles'!$A$2:$A$158,'Data Set 2 - Vehicles'!$D$2:$D$158,"NF",0,-1),_xlpm.mdlname,_xlfn.XLOOKUP(A22,'Data Set 2 - Vehicles'!$A$2:$A$158,'Data Set 2 - Vehicles'!$E$2:$E$158,"NF",0,-1),_xlpm.vehcilename,_xlfn.CONCAT(_xlpm.mfcname," ",_xlpm.mdlname),IF(S22="Has No Vehicle","Has No Vehicle",IF(S22="Has Only One Vehicle","Has Only One Vehicle",IF(_xlpm.vehcilename="NF NF","Not Found",_xlpm.vehcilename)))) -> Has Only One Vehicle | U22: =_xlfn.LET(_xlpm.vserdate,_xlfn.XLOOKUP(A22,'Data Set 2 - Vehicles'!$A$2:$A$158,'Data Set 2 - Vehicles'!$O$2:$O$158,"NF",0,-1), IF(OR('Data Set 1'!S22="Has No Vehicle",'Data Set 1'!S22="Has Only One Vehicle"),'Data Set 1'!S22,_xlpm.vserdate)) -> Has Only One Vehicle | V22: =SUMIF('Data Set 2 - Vehicles'!$A$2:$A$158,'Data Set 1'!A22,'Data Set 2 - Vehicles'!$Q$2:$Q$158) -> 161021 | W22: =_xlfn.LET(_xlpm.maxdate,_xlfn.MAXIFS('Data Set 2 - Vehicles'!$O$2:$O$158,'Data Set 2 - Vehicles'!$A$2:$A$158,'Data Set 1'!A22),IF(_xlpm.maxdate=0,"",_xlpm.maxdate)) -> 44726 | X22: =IF(W22="","No Service Record", IF(W22<EDATE(TODAY(),-48),"InActive","Active")) -> InActive | Y22: =IF(tblCustomers[[#This Row],[total mileage]]=0,"Customer has No Car", IF(AND(tblCustomers[[#This Row],[total mileage]]>0,tblCustomers[[#This Row],[total mileage]]<=100000),"50K - 100K", IF(AND(tblCustomers[[#This Row],[total mileage]]>100000,tblCustomers[[#This Row],[total mileage]]<=200000),"100K-200K","Mileage>200k"))) -> 100K-200K
A23: 1340 | B23: Sherita | C23: Saras | D23: Black History Resource Center | E23: 8 Us Highway 22 | F23: Colorado Springs | G23: CO | H23: 80937 | I23: =_xlfn.CONCAT(B23," ",C23) -> Sherita Saras | J23: =IF(I23=" ",D23,I23) -> Sherita Saras | K23: =_xlfn.TEXTBEFORE(E23, " ") -> 8 | L23: =VLOOKUP(A23,'Data Set 3 - Contacts'!$A$2:$F$136,5,FALSE) -> 7196691664 | M23: =VLOOKUP(A23,'Data Set 3 - Contacts'!$A$2:$F$136,6,FALSE) -> 7195479543 | N23: =VLOOKUP(A23,'Data Set 3 - Contacts'!$A$2:$F$136,4,FALSE) -> sherita.saras@cox.net | O23: =_xlfn.XLOOKUP(A23,'Data Set 2 - Vehicles'!$A$2:$A$158,'Data Set 2 - Vehicles'!$B$2:$B$158,0,0,-1) -> 1 | P23: =_xlfn.XLOOKUP(A23,'Data Set 2 - Vehicles'!$A$2:$A$158,'Data Set 2 - Vehicles'!$E$2:$E$158,"Not Found",0,1) -> Outback | Q23: =IF(_xlfn.CONCAT(_xlfn.XLOOKUP(A23,'Data Set 2 - Vehicles'!$A$2:$A$158,'Data Set 2 - Vehicles'!$D$2:$D$158,"Not Found",0,1)," ",_xlfn.XLOOKUP(A23,'Data Set 2 - Vehicles'!$A$2:$A$158,'Data Set 2 - Vehicles'!$E$2:$E$158,"Not Found",0,1))="Not Found Not Found", "Not Found",_xlfn.CONCAT(_xlfn.XLOOKUP(A23,'Data Set 2 - Vehicles'!$A$2:$A$158,'Data Set 2 - Vehicles'!$D$2:$D$158,"Not Found",0,1)," ",_xlfn.XLOOKUP(A23,'Data Set 2 - Vehicles'!$A$2:$A$158,'Data Set 2 - Vehicles'!$E$2:$E$158,"Not Found",0,1))) -> Subaru Outback | R23: =_xlfn.XLOOKUP(A23,'Data Set 2 - Vehicles'!$A$2:$A$158,'Data Set 2 - Vehicles'!$O$2:$O$158,"",0,1) -> 39636 | S23: =IF(_xlfn.XLOOKUP(A23,'Data Set 2 - Vehicles'!$A$2:$A$158,'Data Set 2 - Vehicles'!$E$2:$E$158,"Has No Vehicle",0,-1)=P23,"Has Only One Vehicle",_xlfn.XLOOKUP(A23,'Data Set 2 - Vehicles'!$A$2:$A$158,'Data Set 2 - Vehicles'!$E$2:$E$158,"Has No Vehcile",0,-1)) -> Has Only One Vehicle | T23: =_xlfn.LET(_xlpm.mfcname,_xlfn.XLOOKUP(A23,'Data Set 2 - Vehicles'!$A$2:$A$158,'Data Set 2 - Vehicles'!$D$2:$D$158,"NF",0,-1),_xlpm.mdlname,_xlfn.XLOOKUP(A23,'Data Set 2 - Vehicles'!$A$2:$A$158,'Data Set 2 - Vehicles'!$E$2:$E$158,"NF",0,-1),_xlpm.vehcilename,_xlfn.CONCAT(_xlpm.mfcname," ",_xlpm.mdlname),IF(S23="Has No Vehicle","Has No Vehicle",IF(S23="Has Only One Vehicle","Has Only One Vehicle",IF(_xlpm.vehcilename="NF NF","Not Found",_xlpm.vehcilename)))) -> Has Only One Vehicle | U23: =_xlfn.LET(_xlpm.vserdate,_xlfn.XLOOKUP(A23,'Data Set 2 - Vehicles'!$A$2:$A$158,'Data Set 2 - Vehicles'!$O$2:$O$158,"NF",0,-1), IF(OR('Data Set 1'!S23="Has No Vehicle",'Data Set 1'!S23="Has Only One Vehicle"),'Data Set 1'!S23,_xlpm.vserdate)) -> Has Only One Vehicle | V23: =SUMIF('Data Set 2 - Vehicles'!$A$2:$A$158,'Data Set 1'!A23,'Data Set 2 - Vehicles'!$Q$2:$Q$158) -> 233054 | W23: =_xlfn.LET(_xlpm.maxdate,_xlfn.MAXIFS('Data Set 2 - Vehicles'!$O$2:$O$158,'Data Set 2 - Vehicles'!$A$2:$A$158,'Data Set 1'!A23),IF(_xlpm.maxdate=0,"",_xlpm.maxdate)) -> 39636 | X23: =IF(W23="","No Service Record", IF(W23<EDATE(TODAY(),-48),"InActive","Active")) -> InActive | Y23: =IF(tblCustomers[[#This Row],[total mileage]]=0,"Customer has No Car", IF(AND(tblCustomers[[#This Row],[total mileage]]>0,tblCustomers[[#This Row],[total mileage]]<=100000),"50K - 100K", IF(AND(tblCustomers[[#This Row],[total mileage]]>100000,tblCustomers[[#This Row],[total mileage]]<=200000),"100K-200K","Mileage>200k"))) -> Mileage>200k
A24: 1244 | B24: My | C24: Rantanen | E24: 8 Mcarthur Ln | F24: Richboro | G24: PA | H24: 18954 | I24: =_xlfn.CONCAT(B24," ",C24) -> My Rantanen | J24: =IF(I24=" ",D24,I24) -> My Rantanen | K24: =_xlfn.TEXTBEFORE(E24, " ") -> 8 | L24: =VLOOKUP(A24,'Data Set 3 - Contacts'!$A$2:$F$136,5,FALSE) -> 2154915633 | M24: =VLOOKUP(A24,'Data Set 3 - Contacts'!$A$2:$F$136,6,FALSE) -> 2156472158 | N24: =VLOOKUP(A24,'Data Set 3 - Contacts'!$A$2:$F$136,4,FALSE) -> my@hotmail.com | O24: =_xlfn.XLOOKUP(A24,'Data Set 2 - Vehicles'!$A$2:$A$158,'Data Set 2 - Vehicles'!$B$2:$B$158,0,0,-1) -> 1 | P24: =_xlfn.XLOOKUP(A24,'Data Set 2 - Vehicles'!$A$2:$A$158,'Data Set 2 - Vehicles'!$E$2:$E$158,"Not Found",0,1) -> Civic | Q24: =IF(_xlfn.CONCAT(_xlfn.XLOOKUP(A24,'Data Set 2 - Vehicles'!$A$2:$A$158,'Data Set 2 - Vehicles'!$D$2:$D$158,"Not Found",0,1)," ",_xlfn.XLOOKUP(A24,'Data Set 2 - Vehicles'!$A$2:$A$158,'Data Set 2 - Vehicles'!$E$2:$E$158,"Not Found",0,1))="Not Found Not Found", "Not Found",_xlfn.CONCAT(_xlfn.XLOOKUP(A24,'Data Set 2 - Vehicles'!$A$2:$A$158,'Data Set 2 - Vehicles'!$D$2:$D$158,"Not Found",0,1)," ",_xlfn.XLOOKUP(A24,'Data Set 2 - Vehicles'!$A$2:$A$158,'Data Set 2 - Vehicles'!$E$2:$E$158,"Not Found",0,1))) -> Honda Civic | R24: =_xlfn.XLOOKUP(A24,'Data Set 2 - Vehicles'!$A$2:$A$158,'Data Set 2 - Vehicles'!$O$2:$O$158,"",0,1) -> 45586 | S24: =IF(_xlfn.XLOOKUP(A24,'Data Set 2 - Vehicles'!$A$2:$A$158,'Data Set 2 - Vehicles'!$E$2:$E$158,"Has No Vehicle",0,-1)=P24,"Has Only One Vehicle",_xlfn.XLOOKUP(A24,'Data Set 2 - Vehicles'!$A$2:$A$158,'Data Set 2 - Vehicles'!$E$2:$E$158,"Has No Vehcile",0,-1)) -> Has Only One Vehicle | T24: =_xlfn.LET(_xlpm.mfcname,_xlfn.XLOOKUP(A24,'Data Set 2 - Vehicles'!$A$2:$A$158,'Data Set 2 - Vehicles'!$D$2:$D$158,"NF",0,-1),_xlpm.mdlname,_xlfn.XLOOKUP(A24,'Data Set 2 - Vehicles'!$A$2:$A$158,'Data Set 2 - Vehicles'!$E$2:$E$158,"NF",0,-1),_xlpm.vehcilename,_xlfn.CONCAT(_xlpm.mfcname," ",_xlpm.mdlname),IF(S24="Has No Vehicle","Has No Vehicle",IF(S24="Has Only One Vehicle","Has Only One Vehicle",IF(_xlpm.vehcilename="NF NF","Not Found",_xlpm.vehcilename)))) -> Has Only One Vehicle | U24: =_xlfn.LET(_xlpm.vserdate,_xlfn.XLOOKUP(A24,'Data Set 2 - Vehicles'!$A$2:$A$158,'Data Set 2 - Vehicles'!$O$2:$O$158,"NF",0,-1), IF(OR('Data Set 1'!S24="Has No Vehicle",'Data Set 1'!S24="Has Only One Vehicle"),'Data Set 1'!S24,_xlpm.vserdate)) -> Has Only One Vehicle | V24: =SUMIF('Data Set 2 - Vehicles'!$A$2:$A$158,'Data Set 1'!A24,'Data Set 2 - Vehicles'!$Q$2:$Q$158) -> 290118 | W24: =_xlfn.LET(_xlpm.maxdate,_xlfn.MAXIFS('Data Set 2 - Vehicles'!$O$2:$O$158,'Data Set 2 - Vehicles'!$A$2:$A$158,'Data Set 1'!A24),IF(_xlpm.maxdate=0,"",_xlpm.maxdate)) -> 45586 | X24: =IF(W24="","No Service Record", IF(W24<EDATE(TODAY(),-48),"InActive","Active")) -> Active | Y24: =IF(tblCustomers[[#This Row],[total mileage]]=0,"Customer has No Car", IF(AND(tblCustomers[[#This Row],[total mileage]]>0,tblCustomers[[#This Row],[total mileage]]<=100000),"50K - 100K", IF(AND(tblCustomers[[#This Row],[total mileage]]>100000,tblCustomers[[#This Row],[total mileage]]<=200000),"100K-200K","Mileage>200k"))) -> Mileage>200k
A25: 1119 | B25: Scarlet | C25: Cartan | E25: 9390 S Howell Ave | F25: Albany | G25: GA | H25: 31701 | I25: =_xlfn.CONCAT(B25," ",C25) -> Scarlet Cartan | J25: =IF(I25=" ",D25,I25) -> Scarlet Cartan | K25: =_xlfn.TEXTBEFORE(E25, " ") -> 9390 | L25: =VLOOKUP(A25,'Data Set 3 - Contacts'!$A$2:$F$136,5,FALSE) -> 2297353378 | M25: =VLOOKUP(A25,'Data Set 3 - Contacts'!$A$2:$F$136,6,FALSE) | N25: =VLOOKUP(A25,'Data Set 3 - Contacts'!$A$2:$F$136,4,FALSE) -> scarlet.cartan@yahoo.com | O25: =_xlfn.XLOOKUP(A25,'Data Set 2 - Vehicles'!$A$2:$A$158,'Data Set 2 - Vehicles'!$B$2:$B$158,0,0,-1) -> 2 | P25: =_xlfn.XLOOKUP(A25,'Data Set 2 - Vehicles'!$A$2:$A$158,'Data Set 2 - Vehicles'!$E$2:$E$158,"Not Found",0,1) -> Carrera Cabrio | Q25: =IF(_xlfn.CONCAT(_xlfn.XLOOKUP(A25,'Data Set 2 - Vehicles'!$A$2:$A$158,'Data Set 2 - Vehicles'!$D$2:$D$158,"Not Found",0,1)," ",_xlfn.XLOOKUP(A25,'Data Set 2 - Vehicles'!$A$2:$A$158,'Data Set 2 - Vehicles'!$E$2:$E$158,"Not Found",0,1))="Not Found Not Found", "Not Found",_xlfn.CONCAT(_xlfn.XLOOKUP(A25,'Data Set 2 - Vehicles'!$A$2:$A$158,'Data Set 2 - Vehicles'!$D$2:$D$158,"Not Found",0,1)," ",_xlfn.XLOOKUP(A25,'Data Set 2 - Vehicles'!$A$2:$A$158,'Data Set 2 - Vehicles'!$E$2:$E$158,"Not Found",0,1))) -> Porsche Carrera Cabrio | R25: =_xlfn.XLOOKUP(A25,'Data Set 2 - Vehicles'!$A$2:$A$158,'Data Set 2 - Vehicles'!$O$2:$O$158,"",0,1) -> 43292 | S25: =IF(_xlfn.XLOOKUP(A25,'Data Set 2 - Vehicles'!$A$2:$A$158,'Data Set 2 - Vehicles'!$E$2:$E$158,"Has No Vehicle",0,-1)=P25,"Has Only One Vehicle",_xlfn.XLOOKUP(A25,'Data Set 2 - Vehicles'!$A$2:$A$158,'Data Set 2 - Vehicles'!$E$2:$E$158,"Has No Vehcile",0,-1)) -> Beetle | T25: =_xlfn.LET(_xlpm.mfcname,_xlfn.XLOOKUP(A25,'Data Set 2 - Vehicles'!$A$2:$A$158,'Data Set 2 - Vehicles'!$D$2:$D$158,"NF",0,-1),_xlpm.mdlname,_xlfn.XLOOKUP(A25,'Data Set 2 - Vehicles'!$A$2:$A$158,'Data Set 2 - Vehicles'!$E$2:$E$158,"NF",0,-1),_xlpm.vehcilename,_xlfn.CONCAT(_xlpm.mfcname," ",_xlpm.mdlname),IF(S25="Has No Vehicle","Has No Vehicle",IF(S25="Has Only One Vehicle","Has Only One Vehicle",IF(_xlpm.vehcilename="NF NF","Not Found",_xlpm.vehcilename)))) -> Volkswagen Beetle | U25: =_xlfn.LET(_xlpm.vserdate,_xlfn.XLOOKUP(A25,'Data Set 2 - Vehicles'!$A$2:$A$158,'Data Set 2 - Vehicles'!$O$2:$O$158,"NF",0,-1), IF(OR('Data Set 1'!S25="Has No Vehicle",'Data Set 1'!S25="Has Only One Vehicle"),'Data Set 1'!S25,_xlpm.vserdate)) -> 44489 | V25: =SUMIF('Data Set 2 - Vehicles'!$A$2:$A$158,'Data Set 1'!A25,'Data Set 2 - Vehicles'!$Q$2:$Q$158) -> 422795 | W25: =_xlfn.LET(_xlpm.maxdate,_xlfn.MAXIFS('Data Set 2 - Vehicles'!$O$2:$O$158,'Data Set 2 - Vehicles'!$A$2:$A$158,'Data Set 1'!A25),IF(_xlpm.maxdate=0,"",_xlpm.maxdate)) -> 44489 | X25: =IF(W25="","No Service Record", IF(W25<EDATE(TODAY(),-48),"InActive","Active")) -> InActive | Y25: =IF(tblCustomers[[#This Row],[total mileage]]=0,"Customer has No Car", IF(AND(tblCustomers[[#This Row],[total mileage]]>0,tblCustomers[[#This Row],[total mileage]]<=100000),"50K - 100K", IF(AND(tblCustomers[[#This Row],[total mileage]]>100000,tblCustomers[[#This Row],[total mileage]]<=200000),"100K-200K","Mileage>200k"))) -> Mileage>200k
A26: 1285 | D26: Bradley Nameplate Corp | E26: 87 Imperial Ct #79 | F26: Fargo | G26: ND | H26: 58102 | I26: =_xlfn.CONCAT(B26," ",C26) | J26: =IF(I26=" ",D26,I26) -> Bradley Nameplate Corp | K26: =_xlfn.TEXTBEFORE(E26, " ") -> 87 | L26: =VLOOKUP(A26,'Data Set 3 - Contacts'!$A$2:$F$136,5,FALSE) -> 7018982154 | M26: =VLOOKUP(A26,'Data Set 3 - Contacts'!$A$2:$F$136,6,FALSE) -> 7014217080 | N26: =VLOOKUP(A26,'Data Set 3 - Contacts'!$A$2:$F$136,4,FALSE) -> lavonda@cox.net | O26: =_xlfn.XLOOKUP(A26,'Data Set 2 - Vehicles'!$A$2:$A$158,'Data Set 2 - Vehicles'!$B$2:$B$158,0,0,-1) -> 1 | P26: =_xlfn.XLOOKUP(A26,'Data Set 2 - Vehicles'!$A$2:$A$158,'Data Set 2 - Vehicles'!$E$2:$E$158,"Not Found",0,1) -> S-Type | Q26: =IF(_xlfn.CONCAT(_xlfn.XLOOKUP(A26,'Data Set 2 - Vehicles'!$A$2:$A$158,'Data Set 2 - Vehicles'!$D$2:$D$158,"Not Found",0,1)," ",_xlfn.XLOOKUP(A26,'Data Set 2 - Vehicles'!$A$2:$A$158,'Data Set 2 - Vehicles'!$E$2:$E$158,"Not Found",0,1))="Not Found Not Found", "Not Found",_xlfn.CONCAT(_xlfn.XLOOKUP(A26,'Data Set 2 - Vehicles'!$A$2:$A$158,'Data Set 2 - Vehicles'!$D$2:$D$158,"Not Found",0,1)," ",_xlfn.XLOOKUP(A26,'Data Set 2 - Vehicles'!$A$2:$A$158,'Data Set 2 - Vehicles'!$E$2:$E$158,"Not Found",0,1))) -> Jaguar S-Type | R26: =_xlfn.XLOOKUP(A26,'Data Set 2 - Vehicles'!$A$2:$A$158,'Data Set 2 - Vehicles'!$O$2:$O$158,"",0,1) -> 44868 | S26: =IF(_xlfn.XLOOKUP(A26,'Data Set 2 - Vehicles'!$A$2:$A$158,'Data Set 2 - Vehicles'!$E$2:$E$158,"Has No Vehicle",0,-1)=P26,"Has Only One Vehicle",_xlfn.XLOOKUP(A26,'Data Set 2 - Vehicles'!$A$2:$A$158,'Data Set 2 - Vehicles'!$E$2:$E$158,"Has No Vehcile",0,-1)) -> Has Only One Vehicle | T26: =_xlfn.LET(_xlpm.mfcname,_xlfn.XLOOKUP(A26,'Data Set 2 - Vehicles'!$A$2:$A$158,'Data Set 2 - Vehicles'!$D$2:$D$158,"NF",0,-1),_xlpm.mdlname,_xlfn.XLOOKUP(A26,'Data Set 2 - Vehicles'!$A$2:$A$158,'Data Set 2 - Vehicles'!$E$2:$E$158,"NF",0,-1),_xlpm.vehcilename,_xlfn.CONCAT(_xlpm.mfcname," ",_xlpm.mdlname),IF(S26="Has No Vehicle","Has No Vehicle",IF(S26="Has Only One Vehicle","Has Only One Vehicle",IF(_xlpm.vehcilename="NF NF","Not Found",_xlpm.vehcilename)))) -> Has Only One Vehicle | U26: =_xlfn.LET(_xlpm.vserdate,_xlfn.XLOOKUP(A26,'Data Set 2 - Vehicles'!$A$2:$A$158,'Data Set 2 - Vehicles'!$O$2:$O$158,"NF",0,-1), IF(OR('Data Set 1'!S26="Has No Vehicle",'Data Set 1'!S26="Has Only One Vehicle"),'Data Set 1'!S26,_xlpm.vserdate)) -> Has Only One Vehicle | V26: =SUMIF('Data Set 2 - Vehicles'!$A$2:$A$158,'Data Set 1'!A26,'Data Set 2 - Vehicles'!$Q$2:$Q$158) -> 234341 | W26: =_xlfn.LET(_xlpm.maxdate,_xlfn.MAXIFS('Data Set 2 - Vehicles'!$O$2:$O$158,'Data Set 2 - Vehicles'!$A$2:$A$158,'Data Set 1'!A26),IF(_xlpm.maxdate=0,"",_xlpm.maxdate)) -> 44868 | X26: =IF(W26="","No Service Record", IF(W26<EDATE(TODAY(),-48),"InActive","Active")) -> Active | Y26: =IF(tblCustomers[[#This Row],[total mileage]]=0,"Customer has No Car", IF(AND(tblCustomers[[#This Row],[total mileage]]>0,tblCustomers[[#This Row],[total mileage]]<=100000),"50K - 100K", IF(AND(tblCustomers[[#This Row],[total mileage]]>100000,tblCustomers[[#This Row],[total mileage]]<=200000),"100K-200K","Mileage>200k"))) -> Mileage>200k
A27: 1121 | D27: Bresler Eitel Framg Gllry Ltd | E27: 4646 Kaahumanu St | F27: Hackensack | G27: NJ | H27: 7601 | I27: =_xlfn.CONCAT(B27," ",C27) | J27: =IF(I27=" ",D27,I27) -> Bresler Eitel Framg Gllry Ltd | K27: =_xlfn.TEXTBEFORE(E27, " ") -> 4646 | L27: =VLOOKUP(A27,'Data Set 3 - Contacts'!$A$2:$F$136,5,FALSE) -> 2016721553 | M27: =VLOOKUP(A27,'Data Set 3 - Contacts'!$A$2:$F$136,6,FALSE) | N27: =VLOOKUP(A27,'Data Set 3 - Contacts'!$A$2:$F$136,4,FALSE) -> tsmith@aol.com | O27: =_xlfn.XLOOKUP(A27,'Data Set 2 - Vehicles'!$A$2:$A$158,'Data Set 2 - Vehicles'!$B$2:$B$158,0,0,-1) -> 1 | P27: =_xlfn.XLOOKUP(A27,'Data Set 2 - Vehicles'!$A$2:$A$158,'Data Set 2 - Vehicles'!$E$2:$E$158,"Not Found",0,1) -> Ram Pickup | Q27: =IF(_xlfn.CONCAT(_xlfn.XLOOKUP(A27,'Data Set 2 - Vehicles'!$A$2:$A$158,'Data Set 2 - Vehicles'!$D$2:$D$158,"Not Found",0,1)," ",_xlfn.XLOOKUP(A27,'Data Set 2 - Vehicles'!$A$2:$A$158,'Data Set 2 - Vehicles'!$E$2:$E$158,"Not Found",0,1))="Not Found Not Found", "Not Found",_xlfn.CONCAT(_xlfn.XLOOKUP(A27,'Data Set 2 - Vehicles'!$A$2:$A$158,'Data Set 2 - Vehicles'!$D$2:$D$158,"Not Found",0,1)," ",_xlfn.XLOOKUP(A27,'Data Set 2 - Vehicles'!$A$2:$A$158,'Data Set 2 - Vehicles'!$E$2:$E$158,"Not Found",0,1))) -> Dodge Ram Pickup | R27: =_xlfn.XLOOKUP(A27,'Data Set 2 - Vehicles'!$A$2:$A$158,'Data Set 2 - Vehicles'!$O$2:$O$158,"",0,1) -> 45357 | S27: =IF(_xlfn.XLOOKUP(A27,'Data Set 2 - Vehicles'!$A$2:$A$158,'Data Set 2 - Vehicles'!$E$2:$E$158,"Has No Vehicle",0,-1)=P27,"Has Only One Vehicle",_xlfn.XLOOKUP(A27,'Data Set 2 - Vehicles'!$A$2:$A$158,'Data Set 2 - Vehicles'!$E$2:$E$158,"Has No Vehcile",0,-1)) -> Has Only One Vehicle | T27: =_xlfn.LET(_xlpm.mfcname,_xlfn.XLOOKUP(A27,'Data Set 2 - Vehicles'!$A$2:$A$158,'Data Set 2 - Vehicles'!$D$2:$D$158,"NF",0,-1),_xlpm.mdlname,_xlfn.XLOOKUP(A27,'Data Set 2 - Vehicles'!$A$2:$A$158,'Data Set 2 - Vehicles'!$E$2:$E$158,"NF",0,-1),_xlpm.vehcilename,_xlfn.CONCAT(_xlpm.mfcname," ",_xlpm.mdlname),IF(S27="Has No Vehicle","Has No Vehicle",IF(S27="Has Only One Vehicle","Has Only One Vehicle",IF(_xlpm.vehcilename="NF NF","Not Found",_xlpm.vehcilename)))) -> Has Only One Vehicle | U27: =_xlfn.LET(_xlpm.vserdate,_xlfn.XLOOKUP(A27,'Data Set 2 - Vehicles'!$A$2:$A$158,'Data Set 2 - Vehicles'!$O$2:$O$158,"NF",0,-1), IF(OR('Data Set 1'!S27="Has No Vehicle",'Data Set 1'!S27="Has Only One Vehicle"),'Data Set 1'!S27,_xlpm.vserdate)) -> Has Only One Vehicle | V27: =SUMIF('Data Set 2 - Vehicles'!$A$2:$A$158,'Data Set 1'!A27,'Data Set 2 - Vehicles'!$Q$2:$Q$158) -> 260003 | W27: =_xlfn.LET(_xlpm.maxdate,_xlfn.MAXIFS('Data Set 2 - Vehicles'!$O$2:$O$158,'Data Set 2 - Vehicles'!$A$2:$A$158,'Data Set 1'!A27),IF(_xlpm.maxdate=0,"",_xlpm.maxdate)) -> 45357 | X27: =IF(W27="","No Service Record", IF(W27<EDATE(TODAY(),-48),"InActive","Active")) -> Active | Y27: =IF(tblCustomers[[#This Row],[total mileage]]=0,"Customer has No Car", IF(AND(tblCustomers[[#This Row],[total mileage]]>0,tblCustomers[[#This Row],[total mileage]]<=100000),"50K - 100K", IF(AND(tblCustomers[[#This Row],[total mileage]]>100000,tblCustomers[[#This Row],[total mileage]]<=200000),"100K-200K","Mileage>200k"))) -> Mileage>200k
A28: 1411 | B28: Mitzie | C28: Hudnall | D28: Cangro Transmission Co | E28: 17 Jersey Ave | F28: Englewood | G28: CO | H28: 80110 | I28: =_xlfn.CONCAT(B28," ",C28) -> Mitzie Hudnall | J28: =IF(I28=" ",D28,I28) -> Mitzie Hudnall | K28: =_xlfn.TEXTBEFORE(E28, " ") -> 17 | L28: =VLOOKUP(A28,'Data Set 3 - Contacts'!$A$2:$F$136,5,FALSE) -> 3034021940 | M28: =VLOOKUP(A28,'Data Set 3 - Contacts'!$A$2:$F$136,6,FALSE) -> 3039977760 | N28: =VLOOKUP(A28,'Data Set 3 - Contacts'!$A$2:$F$136,4,FALSE) -> mitzie_hudnall@yahoo.com | O28: =_xlfn.XLOOKUP(A28,'Data Set 2 - Vehicles'!$A$2:$A$158,'Data Set 2 - Vehicles'!$B$2:$B$158,0,0,-1) -> 1 | P28: =_xlfn.XLOOKUP(A28,'Data Set 2 - Vehicles'!$A$2:$A$158,'Data Set 2 - Vehicles'!$E$2:$E$158,"Not Found",0,1) -> Malibu | Q28: =IF(_xlfn.CONCAT(_xlfn.XLOOKUP(A28,'Data Set 2 - Vehicles'!$A$2:$A$158,'Data Set 2 - Vehicles'!$D$2:$D$158,"Not Found",0,1)," ",_xlfn.XLOOKUP(A28,'Data Set 2 - Vehicles'!$A$2:$A$158,'Data Set 2 - Vehicles'!$E$2:$E$158,"Not Found",0,1))="Not Found Not Found", "Not Found",_xlfn.CONCAT(_xlfn.XLOOKUP(A28,'Data Set 2 - Vehicles'!$A$2:$A$158,'Data Set 2 - Vehicles'!$D$2:$D$158,"Not Found",0,1)," ",_xlfn.XLOOKUP(A28,'Data Set 2 - Vehicles'!$A$2:$A$158,'Data Set 2 - Vehicles'!$E$2:$E$158,"Not Found",0,1))) -> Chevrolet Malibu | R28: =_xlfn.XLOOKUP(A28,'Data Set 2 - Vehicles'!$A$2:$A$158,'Data Set 2 - Vehicles'!$O$2:$O$158,"",0,1) -> 44639 | S28: =IF(_xlfn.XLOOKUP(A28,'Data Set 2 - Vehicles'!$A$2:$A$158,'Data Set 2 - Vehicles'!$E$2:$E$158,"Has No Vehicle",0,-1)=P28,"Has Only One Vehicle",_xlfn.XLOOKUP(A28,'Data Set 2 - Vehicles'!$A$2:$A$158,'Data Set 2 - Vehicles'!$E$2:$E$158,"Has No Vehcile",0,-1)) -> Has Only One Vehicle | T28: =_xlfn.LET(_xlpm.mfcname,_xlfn.XLOOKUP(A28,'Data Set 2 - Vehicles'!$A$2:$A$158,'Data Set 2 - Vehicles'!$D$2:$D$158,"NF",0,-1),_xlpm.mdlname,_xlfn.XLOOKUP(A28,'Data Set 2 - Vehicles'!$A$2:$A$158,'Data Set 2 - Vehicles'!$E$2:$E$158,"NF",0,-1),_xlpm.vehcilename,_xlfn.CONCAT(_xlpm.mfcname," ",_xlpm.mdlname),IF(S28="Has No Vehicle","Has No Vehicle",IF(S28="Has Only One Vehicle","Has Only One Vehicle",IF(_xlpm.vehcilename="NF NF","Not Found",_xlpm.vehcilename)))) -> Has Only One Vehicle | U28: =_xlfn.LET(_xlpm.vserdate,_xlfn.XLOOKUP(A28,'Data Set 2 - Vehicles'!$A$2:$A$158,'Data Set 2 - Vehicles'!$O$2:$O$158,"NF",0,-1), IF(OR('Data Set 1'!S28="Has No Vehicle",'Data Set 1'!S28="Has Only One Vehicle"),'Data Set 1'!S28,_xlpm.vserdate)) -> Has Only One Vehicle | V28: =SUMIF('Data Set 2 - Vehicles'!$A$2:$A$158,'Data Set 1'!A28,'Data Set 2 - Vehicles'!$Q$2:$Q$158) -> 148159 | W28: =_xlfn.LET(_xlpm.maxdate,_xlfn.MAXIFS('Data Set 2 - Vehicles'!$O$2:$O$158,'Data Set 2 - Vehicles'!$A$2:$A$158,'Data Set 1'!A28),IF(_xlpm.maxdate=0,"",_xlpm.maxdate)) -> 44639 | X28: =IF(W28="","No Service Record", IF(W28<EDATE(TODAY(),-48),"InActive","Active")) -> InActive | Y28: =IF(tblCustomers[[#This Row],[total mileage]]=0,"Customer has No Car", IF(AND(tblCustomers[[#This Row],[total mileage]]>0,tblCustomers[[#This Row],[total mileage]]<=100000),"50K - 100K", IF(AND(tblCustomers[[#This Row],[total mileage]]>100000,tblCustomers[[#This Row],[total mileage]]<=200000),"100K-200K","Mileage>200k"))) -> 100K-200K
A29: 1466 | D29: Carriage House Cllsn Rpr Inc | E29: 35 E Main St #43 | F29: Elk Grove Village | G29: IL | H29: 60007 | I29: =_xlfn.CONCAT(B29," ",C29) | J29: =IF(I29=" ",D29,I29) -> Carriage House Cllsn Rpr Inc | K29: =_xlfn.TEXTBEFORE(E29, " ") -> 35 | L29: =VLOOKUP(A29,'Data Set 3 - Contacts'!$A$2:$F$136,5,FALSE) -> 8475195906 | M29: =VLOOKUP(A29,'Data Set 3 - Contacts'!$A$2:$F$136,6,FALSE) -> 8477405304 | N29: =VLOOKUP(A29,'Data Set 3 - Contacts'!$A$2:$F$136,4,FALSE) -> joni_breland@cox.net | O29: =_xlfn.XLOOKUP(A29,'Data Set 2 - Vehicles'!$A$2:$A$158,'Data Set 2 - Vehicles'!$B$2:$B$158,0,0,-1) -> 1 | P29: =_xlfn.XLOOKUP(A29,'Data Set 2 - Vehicles'!$A$2:$A$158,'Data Set 2 - Vehicles'!$E$2:$E$158,"Not Found",0,1) -> 3000GT | Q29: =IF(_xlfn.CONCAT(_xlfn.XLOOKUP(A29,'Data Set 2 - Vehicles'!$A$2:$A$158,'Data Set 2 - Vehicles'!$D$2:$D$158,"Not Found",0,1)," ",_xlfn.XLOOKUP(A29,'Data Set 2 - Vehicles'!$A$2:$A$158,'Data Set 2 - Vehicles'!$E$2:$E$158,"Not Found",0,1))="Not Found Not Found", "Not Found",_xlfn.CONCAT(_xlfn.XLOOKUP(A29,'Data Set 2 - Vehicles'!$A$2:$A$158,'Data Set 2 - Vehicles'!$D$2:$D$158,"Not Found",0,1)," ",_xlfn.XLOOKUP(A29,'Data Set 2 - Vehicles'!$A$2:$A$158,'Data Set 2 - Vehicles'!$E$2:$E$158,"Not Found",0,1))) -> Mitsubishi 3000GT | R29: =_xlfn.XLOOKUP(A29,'Data Set 2 - Vehicles'!$A$2:$A$158,'Data Set 2 - Vehicles'!$O$2:$O$158,"",0,1) -> 42915 | S29: =IF(_xlfn.XLOOKUP(A29,'Data Set 2 - Vehicles'!$A$2:$A$158,'Data Set 2 - Vehicles'!$E$2:$E$158,"Has No Vehicle",0,-1)=P29,"Has Only One Vehicle",_xlfn.XLOOKUP(A29,'Data Set 2 - Vehicles'!$A$2:$A$158,'Data Set 2 - Vehicles'!$E$2:$E$158,"Has No Vehcile",0,-1)) -> Has Only One Vehicle | T29: =_xlfn.LET(_xlpm.mfcname,_xlfn.XLOOKUP(A29,'Data Set 2 - Vehicles'!$A$2:$A$158,'Data Set 2 - Vehicles'!$D$2:$D$158,"NF",0,-1),_xlpm.mdlname,_xlfn.XLOOKUP(A29,'Data Set 2 - Vehicles'!$A$2:$A$158,'Data Set 2 - Vehicles'!$E$2:$E$158,"NF",0,-1),_xlpm.vehcilename,_xlfn.CONCAT(_xlpm.mfcname," ",_xlpm.mdlname),IF(S29="Has No Vehicle","Has No Vehicle",IF(S29="Has Only One Vehicle","Has Only One Vehicle",IF(_xlpm.vehcilename="NF NF","Not Found",_xlpm.vehcilename)))) -> Has Only One Vehicle | U29: =_xlfn.LET(_xlpm.vserdate,_xlfn.XLOOKUP(A29,'Data Set 2 - Vehicles'!$A$2:$A$158,'Data Set 2 - Vehicles'!$O$2:$O$158,"NF",0,-1), IF(OR('Data Set 1'!S29="Has No Vehicle",'Data Set 1'!S29="Has Only One Vehicle"),'Data Set 1'!S29,_xlpm.vserdate)) -> Has Only One Vehicle | V29: =SUMIF('Data Set 2 - Vehicles'!$A$2:$A$158,'Data Set 1'!A29,'Data Set 2 - Vehicles'!$Q$2:$Q$158) -> 146859 | W29: =_xlfn.LET(_xlpm.maxdate,_xlfn.MAXIFS('Data Set 2 - Vehicles'!$O$2:$O$158,'Data Set 2 - Vehicles'!$A$2:$A$158,'Data Set 1'!A29),IF(_xlpm.maxdate=0,"",_xlpm.maxdate)) -> 42915 | X29: =IF(W29="","No Service Record", IF(W29<EDATE(TODAY(),-48),"InActive","Active")) -> InActive | Y29: =IF(tblCustomers[[#This Row],[total mileage]]=0,"Customer has No Car", IF(AND(tblCustomers[[#This Row],[total mileage]]>0,tblCustomers[[#This Row],[total mileage]]<=100000),"50K - 100K", IF(AND(tblCustomers[[#This Row],[total mileage]]>100000,tblCustomers[[#This Row],[total mileage]]<=200000),"100K-200K","Mileage>200k"))) -> 100K-200K
A30: 1113 | B30: Jesusa | C30: Shin | E30: 2239 Shawnee Mission Pky | F30: Tullahoma | G30: TN | H30: 37388 | I30: =_xlfn.CONCAT(B30," ",C30) -> Jesusa Shin | J30: =IF(I30=" ",D30,I30) -> Jesusa Shin | K30: =_xlfn.TEXTBEFORE(E30, " ") -> 2239 | L30: =VLOOKUP(A30,'Data Set 3 - Contacts'!$A$2:$F$136,5,FALSE) -> 9312738709 | M30: =VLOOKUP(A30,'Data Set 3 - Contacts'!$A$2:$F$136,6,FALSE) -> 9317391551 | N30: =VLOOKUP(A30,'Data Set 3 - Contacts'!$A$2:$F$136,4,FALSE) -> jshin@shin.com | O30: =_xlfn.XLOOKUP(A30,'Data Set 2 - Vehicles'!$A$2:$A$158,'Data Set 2 - Vehicles'!$B$2:$B$158,0,0,-1) -> 1 | P30: =_xlfn.XLOOKUP(A30,'Data Set 2 - Vehicles'!$A$2:$A$158,'Data Set 2 - Vehicles'!$E$2:$E$158,"Not Found",0,1) -> GS400 | Q30: =IF(_xlfn.CONCAT(_xlfn.XLOOKUP(A30,'Data Set 2 - Vehicles'!$A$2:$A$158,'Data Set 2 - Vehicles'!$D$2:$D$158,"Not Found",0,1)," ",_xlfn.XLOOKUP(A30,'Data Set 2 - Vehicles'!$A$2:$A$158,'Data Set 2 - Vehicles'!$E$2:$E$158,"Not Found",0,1))="Not Found Not Found", "Not Found",_xlfn.CONCAT(_xlfn.XLOOKUP(A30,'Data Set 2 - Vehicles'!$A$2:$A$158,'Data Set 2 - Vehicles'!$D$2:$D$158,"Not Found",0,1)," ",_xlfn.XLOOKUP(A30,'Data Set 2 - Vehicles'!$A$2:$A$158,'Data Set 2 - Vehicles'!$E$2:$E$158,"Not Found",0,1))) -> Lexus GS400 | R30: =_xlfn.XLOOKUP(A30,'Data Set 2 - Vehicles'!$A$2:$A$158,'Data Set 2 - Vehicles'!$O$2:$O$158,"",0,1) -> 40145 | S30: =IF(_xlfn.XLOOKUP(A30,'Data Set 2 - Vehicles'!$A$2:$A$158,'Data Set 2 - Vehicles'!$E$2:$E$158,"Has No Vehicle",0,-1)=P30,"Has Only One Vehicle",_xlfn.XLOOKUP(A30,'Data Set 2 - Vehicles'!$A$2:$A$158,'Data Set 2 - Vehicles'!$E$2:$E$158,"Has No Vehcile",0,-1)) -> Has Only One Vehicle | T30: =_xlfn.LET(_xlpm.mfcname,_xlfn.XLOOKUP(A30,'Data Set 2 - Vehicles'!$A$2:$A$158,'Data Set 2 - Vehicles'!$D$2:$D$158,"NF",0,-1),_xlpm.mdlname,_xlfn.XLOOKUP(A30,'Data Set 2 - Vehicles'!$A$2:$A$158,'Data Set 2 - Vehicles'!$E$2:$E$158,"NF",0,-1),_xlpm.vehcilename,_xlfn.CONCAT(_xlpm.mfcname," ",_xlpm.mdlname),IF(S30="Has No Vehicle","Has No Vehicle",IF(S30="Has Only One Vehicle","Has Only One Vehicle",IF(_xlpm.vehcilename="NF NF","Not Found",_xlpm.vehcilename)))) -> Has Only One Vehicle | U30: =_xlfn.LET(_xlpm.vserdate,_xlfn.XLOOKUP(A30,'Data Set 2 - Vehicles'!$A$2:$A$158,'Data Set 2 - Vehicles'!$O$2:$O$158,"NF",0,-1), IF(OR('Data Set 1'!S30="Has No Vehicle",'Data Set 1'!S30="Has Only One Vehicle"),'Data Set 1'!S30,_xlpm.vserdate)) -> Has Only One Vehicle | V30: =SUMIF('Data Set 2 - Vehicles'!$A$2:$A$158,'Data Set 1'!A30,'Data Set 2 - Vehicles'!$Q$2:$Q$158) -> 294792 | W30: =_xlfn.LET(_xlpm.maxdate,_xlfn.MAXIFS('Data Set 2 - Vehicles'!$O$2:$O$158,'Data Set 2 - Vehicles'!$A$2:$A$158,'Data Set 1'!A30),IF(_xlpm.maxdate=0,"",_xlpm.maxdate)) -> 40145 | X30: =IF(W30="","No Service Record", IF(W30<EDATE(TODAY(),-48),"InActive","Active")) -> InActive | Y30: =IF(tblCustomers[[#This Row],[total mileage]]=0,"Customer has No Car", IF(AND(tblCustomers[[#This Row],[total mileage]]>0,tblCustomers[[#This Row],[total mileage]]<=100000),"50K - 100K", IF(AND(tblCustomers[[#This Row],[total mileage]]>100000,tblCustomers[[#This Row],[total mileage]]<=200000),"100K-200K","Mileage>200k"))) -> Mileage>200k
A31: 1032 | D31: Cascade Realty Advisors Inc | E31: 366 South Dr | F31: Las Cruces | G31: NM | H31: 88011 | I31: =_xlfn.CONCAT(B31," ",C31) | J31: =IF(I31=" ",D31,I31) -> Cascade Realty Advisors Inc | K31: =_xlfn.TEXTBEFORE(E31, " ") -> 366 | L31: =VLOOKUP(A31,'Data Set 3 - Contacts'!$A$2:$F$136,5,FALSE) -> 5059773911 | M31: =VLOOKUP(A31,'Data Set 3 - Contacts'!$A$2:$F$136,6,FALSE) | N31: =VLOOKUP(A31,'Data Set 3 - Contacts'!$A$2:$F$136,4,FALSE) -> francine_vocelka@vocelka.com | O31: =_xlfn.XLOOKUP(A31,'Data Set 2 - Vehicles'!$A$2:$A$158,'Data Set 2 - Vehicles'!$B$2:$B$158,0,0,-1) -> 2 | P31: =_xlfn.XLOOKUP(A31,'Data Set 2 - Vehicles'!$A$2:$A$158,'Data Set 2 - Vehicles'!$E$2:$E$158,"Not Found",0,1) -> GTI | Q31: =IF(_xlfn.CONCAT(_xlfn.XLOOKUP(A31,'Data Set 2 - Vehicles'!$A$2:$A$158,'Data Set 2 - Vehicles'!$D$2:$D$158,"Not Found",0,1)," ",_xlfn.XLOOKUP(A31,'Data Set 2 - Vehicles'!$A$2:$A$158,'Data Set 2 - Vehicles'!$E$2:$E$158,"Not Found",0,1))="Not Found Not Found", "Not Found",_xlfn.CONCAT(_xlfn.XLOOKUP(A31,'Data Set 2 - Vehicles'!$A$2:$A$158,'Data Set 2 - Vehicles'!$D$2:$D$158,"Not Found",0,1)," ",_xlfn.XLOOKUP(A31,'Data Set 2 - Vehicles'!$A$2:$A$158,'Data Set 2 - Vehicles'!$E$2:$E$158,"Not Found",0,1))) -> Volkswagen GTI | R31: =_xlfn.XLOOKUP(A31,'Data Set 2 - Vehicles'!$A$2:$A$158,'Data Set 2 - Vehicles'!$O$2:$O$158,"",0,1) -> 40269 | S31: =IF(_xlfn.XLOOKUP(A31,'Data Set 2 - Vehicles'!$A$2:$A$158,'Data Set 2 - Vehicles'!$E$2:$E$158,"Has No Vehicle",0,-1)=P31,"Has Only One Vehicle",_xlfn.XLOOKUP(A31,'Data Set 2 - Vehicles'!$A$2:$A$158,'Data Set 2 - Vehicles'!$E$2:$E$158,"Has No Vehcile",0,-1)) -> Carrera Coupe | T31: =_xlfn.LET(_xlpm.mfcname,_xlfn.XLOOKUP(A31,'Data Set 2 - Vehicles'!$A$2:$A$158,'Data Set 2 - Vehicles'!$D$2:$D$158,"NF",0,-1),_xlpm.mdlname,_xlfn.XLOOKUP(A31,'Data Set 2 - Vehicles'!$A$2:$A$158,'Data Set 2 - Vehicles'!$E$2:$E$158,"NF",0,-1),_xlpm.vehcilename,_xlfn.CONCAT(_xlpm.mfcname," ",_xlpm.mdlname),IF(S31="Has No Vehicle","Has No Vehicle",IF(S31="Has Only One Vehicle","Has Only One Vehicle",IF(_xlpm.vehcilename="NF NF","Not Found",_xlpm.vehcilename)))) -> Porsche Carrera Coupe | U31: =_xlfn.LET(_xlpm.vserdate,_xlfn.XLOOKUP(A31,'Data Set 2 - Vehicles'!$A$2:$A$158,'Data Set 2 - Vehicles'!$O$2:$O$158,"NF",0,-1), IF(OR('Data Set 1'!S31="Has No Vehicle",'Data Set 1'!S31="Has Only One Vehicle"),'Data Set 1'!S31,_xlpm.vserdate)) -> 40533 | V31: =SUMIF('Data Set 2 - Vehicles'!$A$2:$A$158,'Data Set 1'!A31,'Data Set 2 - Vehicles'!$Q$2:$Q$158) -> 239482 | W31: =_xlfn.LET(_xlpm.maxdate,_xlfn.MAXIFS('Data Set 2 - Vehicles'!$O$2:$O$158,'Data Set 2 - Vehicles'!$A$2:$A$158,'Data Set 1'!A31),IF(_xlpm.maxdate=0,"",_xlpm.maxdate)) -> 40533 | X31: =IF(W31="","No Service Record", IF(W31<EDATE(TODAY(),-48),"InActive","Active")) -> InActive | Y31: =IF(tblCustomers[[#This Row],[total mileage]]=0,"Customer has No Car", IF(AND(tblCustomers[[#This Row],[total mileage]]>0,tblCustomers[[#This Row],[total mileage]]<=100000),"50K - 100K", IF(AND(tblCustomers[[#This Row],[total mileage]]>100000,tblCustomers[[#This Row],[total mileage]]<=200000),"100K-200K","Mileage>200k"))) -> Mileage>200k
A32: 1257 | B32: Deandrea | C32: Hughey | D32: Century 21 Krall Real Estate | E32: 33 Lewis Rd #46 | F32: Burlington | G32: NC | H32: 27215 | I32: =_xlfn.CONCAT(B32," ",C32) -> Deandrea Hughey | J32: =IF(I32=" ",D32,I32) -> Deandrea Hughey | K32: =_xlfn.TEXTBEFORE(E32, " ") -> 33 | L32: =VLOOKUP(A32,'Data Set 3 - Contacts'!$A$2:$F$136,5,FALSE) -> 3368227652 | M32: =VLOOKUP(A32,'Data Set 3 - Contacts'!$A$2:$F$136,6,FALSE) -> 3364673095 | N32: =VLOOKUP(A32,'Data Set 3 - Contacts'!$A$2:$F$136,4,FALSE) -> deandrea@yahoo.com | O32: =_xlfn.XLOOKUP(A32,'Data Set 2 - Vehicles'!$A$2:$A$158,'Data Set 2 - Vehicles'!$B$2:$B$158,0,0,-1) -> 2 | P32: =_xlfn.XLOOKUP(A32,'Data Set 2 - Vehicles'!$A$2:$A$158,'Data Set 2 - Vehicles'!$E$2:$E$158,"Not Found",0,1) -> RL | Q32: =IF(_xlfn.CONCAT(_xlfn.XLOOKUP(A32,'Data Set 2 - Vehicles'!$A$2:$A$158,'Data Set 2 - Vehicles'!$D$2:$D$158,"Not Found",0,1)," ",_xlfn.XLOOKUP(A32,'Data Set 2 - Vehicles'!$A$2:$A$158,'Data Set 2 - Vehicles'!$E$2:$E$158,"Not Found",0,1))="Not Found Not Found", "Not Found",_xlfn.CONCAT(_xlfn.XLOOKUP(A32,'Data Set 2 - Vehicles'!$A$2:$A$158,'Data Set 2 - Vehicles'!$D$2:$D$158,"Not Found",0,1)," ",_xlfn.XLOOKUP(A32,'Data Set 2 - Vehicles'!$A$2:$A$158,'Data Set 2 - Vehicles'!$E$2:$E$158,"Not Found",0,1))) -> Acura RL | R32: =_xlfn.XLOOKUP(A32,'Data Set 2 - Vehicles'!$A$2:$A$158,'Data Set 2 - Vehicles'!$O$2:$O$158,"",0,1) -> 43534 | S32: =IF(_xlfn.XLOOKUP(A32,'Data Set 2 - Vehicles'!$A$2:$A$158,'Data Set 2 - Vehicles'!$E$2:$E$158,"Has No Vehicle",0,-1)=P32,"Has Only One Vehicle",_xlfn.XLOOKUP(A32,'Data Set 2 - Vehicles'!$A$2:$A$158,'Data Set 2 - Vehicles'!$E$2:$E$158,"Has No Vehcile",0,-1)) -> Mustang | T32: =_xlfn.LET(_xlpm.mfcname,_xlfn.XLOOKUP(A32,'Data Set 2 - Vehicles'!$A$2:$A$158,'Data Set 2 - Vehicles'!$D$2:$D$158,"NF",0,-1),_xlpm.mdlname,_xlfn.XLOOKUP(A32,'Data Set 2 - Vehicles'!$A$2:$A$158,'Data Set 2 - Vehicles'!$E$2:$E$158,"NF",0,-1),_xlpm.vehcilename,_xlfn.CONCAT(_xlpm.mfcname," ",_xlpm.mdlname),IF(S32="Has No Vehicle","Has No Vehicle",IF(S32="Has Only One Vehicle","Has Only One Vehicle",IF(_xlpm.vehcilename="NF NF","Not Found",_xlpm.vehcilename)))) -> Ford Mustang | U32: =_xlfn.LET(_xlpm.vserdate,_xlfn.XLOOKUP(A32,'Data Set 2 - Vehicles'!$A$2:$A$158,'Data Set 2 - Vehicles'!$O$2:$O$158,"NF",0,-1), IF(OR('Data Set 1'!S32="Has No Vehicle",'Data Set 1'!S32="Has Only One Vehicle"),'Data Set 1'!S32,_xlpm.vserdate)) -> 40209 | V32: =SUMIF('Data Set 2 - Vehicles'!$A$2:$A$158,'Data Set 1'!A32,'Data Set 2 - Vehicles'!$Q$2:$Q$158) -> 272490 | W32: =_xlfn.LET(_xlpm.maxdate,_xlfn.MAXIFS('Data Set 2 - Vehicles'!$O$2:$O$158,'Data Set 2 - Vehicles'!$A$2:$A$158,'Data Set 1'!A32),IF(_xlpm.maxdate=0,"",_xlpm.maxdate)) -> 43534 | X32: =IF(W32="","No Service Record", IF(W32<EDATE(TODAY(),-48),"InActive","Active")) -> InActive | Y32: =IF(tblCustomers[[#This Row],[total mileage]]=0,"Customer has No Car", IF(AND(tblCustomers[[#This Row],[total mileage]]>0,tblCustomers[[#This Row],[total mileage]]<=100000),"50K - 100K", IF(AND(tblCustomers[[#This Row],[total mileage]]>100000,tblCustomers[[#This Row],[total mileage]]<=200000),"100K-200K","Mileage>200k"))) -> Mileage>200k
A33: 1006 | B33: Simona | C33: Morasca | E33: 3 Mcauley Dr | F33: Ashland | G33: OH | H33: 44805 | I33: =_xlfn.CONCAT(B33," ",C33) -> Simona Morasca | J33: =IF(I33=" ",D33,I33) -> Simona Morasca | K33: =_xlfn.TEXTBEFORE(E33, " ") -> 3 | L33: =VLOOKUP(A33,'Data Set 3 - Contacts'!$A$2:$F$136,5,FALSE) -> 4195032484 | M33: =VLOOKUP(A33,'Data Set 3 - Contacts'!$A$2:$F$136,6,FALSE) | N33: =VLOOKUP(A33,'Data Set 3 - Contacts'!$A$2:$F$136,4,FALSE) -> simona@morasca.com | O33: =_xlfn.XLOOKUP(A33,'Data Set 2 - Vehicles'!$A$2:$A$158,'Data Set 2 - Vehicles'!$B$2:$B$158,0,0,-1) -> 1 | P33: =_xlfn.XLOOKUP(A33,'Data Set 2 - Vehicles'!$A$2:$A$158,'Data Set 2 - Vehicles'!$E$2:$E$158,"Not Found",0,1) -> Lumina | Q33: =IF(_xlfn.CONCAT(_xlfn.XLOOKUP(A33,'Data Set 2 - Vehicles'!$A$2:$A$158,'Data Set 2 - Vehicles'!$D$2:$D$158,"Not Found",0,1)," ",_xlfn.XLOOKUP(A33,'Data Set 2 - Vehicles'!$A$2:$A$158,'Data Set 2 - Vehicles'!$E$2:$E$158,"Not Found",0,1))="Not Found Not Found", "Not Found",_xlfn.CONCAT(_xlfn.XLOOKUP(A33,'Data Set 2 - Vehicles'!$A$2:$A$158,'Data Set 2 - Vehicles'!$D$2:$D$158,"Not Found",0,1)," ",_xlfn.XLOOKUP(A33,'Data Set 2 - Vehicles'!$A$2:$A$158,'Data Set 2 - Vehicles'!$E$2:$E$158,"Not Found",0,1))) -> Chevrolet Lumina | R33: =_xlfn.XLOOKUP(A33,'Data Set 2 - Vehicles'!$A$2:$A$158,'Data Set 2 - Vehicles'!$O$2:$O$158,"",0,1) -> 45436 | S33: =IF(_xlfn.XLOOKUP(A33,'Data Set 2 - Vehicles'!$A$2:$A$158,'Data Set 2 - Vehicles'!$E$2:$E$158,"Has No Vehicle",0,-1)=P33,"Has Only One Vehicle",_xlfn.XLOOKUP(A33,'Data Set 2 - Vehicles'!$A$2:$A$158,'Data Set 2 - Vehicles'!$E$2:$E$158,"Has No Vehcile",0,-1)) -> Has Only One Vehicle | T33: =_xlfn.LET(_xlpm.mfcname,_xlfn.XLOOKUP(A33,'Data Set 2 - Vehicles'!$A$2:$A$158,'Data Set 2 - Vehicles'!$D$2:$D$158,"NF",0,-1),_xlpm.mdlname,_xlfn.XLOOKUP(A33,'Data Set 2 - Vehicles'!$A$2:$A$158,'Data Set 2 - Vehicles'!$E$2:$E$158,"NF",0,-1),_xlpm.vehcilename,_xlfn.CONCAT(_xlpm.mfcname," ",_xlpm.mdlname),IF(S33="Has No Vehicle","Has No Vehicle",IF(S33="Has Only One Vehicle","Has Only One Vehicle",IF(_xlpm.vehcilename="NF NF","Not Found",_xlpm.vehcilename)))) -> Has Only One Vehicle | U33: =_xlfn.LET(_xlpm.vserdate,_xlfn.XLOOKUP(A33,'Data Set 2 - Vehicles'!$A$2:$A$158,'Data Set 2 - Vehicles'!$O$2:$O$158,"NF",0,-1), IF(OR('Data Set 1'!S33="Has No Vehicle",'Data Set 1'!S33="Has Only One Vehicle"),'Data Set 1'!S33,_xlpm.vserdate)) -> Has Only One Vehicle | V33: =SUMIF('Data Set 2 - Vehicles'!$A$2:$A$158,'Data Set 1'!A33,'Data Set 2 - Vehicles'!$Q$2:$Q$158) -> 188621 | W33: =_xlfn.LET(_xlpm.maxdate,_xlfn.MAXIFS('Data Set 2 - Vehicles'!$O$2:$O$158,'Data Set 2 - Vehicles'!$A$2:$A$158,'Data Set 1'!A33),IF(_xlpm.maxdate=0,"",_xlpm.maxdate)) -> 45436 | X33: =IF(W33="","No Service Record", IF(W33<EDATE(TODAY(),-48),"InActive","Active")) -> Active | Y33: =IF(tblCustomers[[#This Row],[total mileage]]=0,"Customer has No Car", IF(AND(tblCustomers[[#This Row],[total mileage]]>0,tblCustomers[[#This Row],[total mileage]]<=100000),"50K - 100K", IF(AND(tblCustomers[[#This Row],[total mileage]]>100000,tblCustomers[[#This Row],[total mileage]]<=200000),"100K-200K","Mileage>200k"))) -> 100K-200K
A34: 1447 | B34: Cassi | C34: Wildfong | E34: 26849 Jefferson Hwy | F34: Rolling Meadows | G34: IL | H34: 60008 | I34: =_xlfn.CONCAT(B34," ",C34) -> Cassi Wildfong | J34: =IF(I34=" ",D34,I34) -> Cassi Wildfong | K34: =_xlfn.TEXTBEFORE(E34, " ") -> 26849 | L34: =VLOOKUP(A34,'Data Set 3 - Contacts'!$A$2:$F$136,5,FALSE) -> 8476333216 | M34: =VLOOKUP(A34,'Data Set 3 - Contacts'!$A$2:$F$136,6,FALSE) -> 8477559041 | N34: =VLOOKUP(A34,'Data Set 3 - Contacts'!$A$2:$F$136,4,FALSE) -> cassi.wildfong@aol.com | O34: =_xlfn.XLOOKUP(A34,'Data Set 2 - Vehicles'!$A$2:$A$158,'Data Set 2 - Vehicles'!$B$2:$B$158,0,0,-1) -> 1 | P34: =_xlfn.XLOOKUP(A34,'Data Set 2 - Vehicles'!$A$2:$A$158,'Data Set 2 - Vehicles'!$E$2:$E$158,"Not Found",0,1) -> Mirage | Q34: =IF(_xlfn.CONCAT(_xlfn.XLOOKUP(A34,'Data Set 2 - Vehicles'!$A$2:$A$158,'Data Set 2 - Vehicles'!$D$2:$D$158,"Not Found",0,1)," ",_xlfn.XLOOKUP(A34,'Data Set 2 - Vehicles'!$A$2:$A$158,'Data Set 2 - Vehicles'!$E$2:$E$158,"Not Found",0,1))="Not Found Not Found", "Not Found",_xlfn.CONCAT(_xlfn.XLOOKUP(A34,'Data Set 2 - Vehicles'!$A$2:$A$158,'Data Set 2 - Vehicles'!$D$2:$D$158,"Not Found",0,1)," ",_xlfn.XLOOKUP(A34,'Data Set 2 - Vehicles'!$A$2:$A$158,'Data Set 2 - Vehicles'!$E$2:$E$158,"Not Found",0,1))) -> Mitsubishi Mirage | R34: =_xlfn.XLOOKUP(A34,'Data Set 2 - Vehicles'!$A$2:$A$158,'Data Set 2 - Vehicles'!$O$2:$O$158,"",0,1) -> 44309 | S34: =IF(_xlfn.XLOOKUP(A34,'Data Set 2 - Vehicles'!$A$2:$A$158,'Data Set 2 - Vehicles'!$E$2:$E$158,"Has No Vehicle",0,-1)=P34,"Has Only One Vehicle",_xlfn.XLOOKUP(A34,'Data Set 2 - Vehicles'!$A$2:$A$158,'Data Set 2 - Vehicles'!$E$2:$E$158,"Has No Vehcile",0,-1)) -> Has Only One Vehicle | T34: =_xlfn.LET(_xlpm.mfcname,_xlfn.XLOOKUP(A34,'Data Set 2 - Vehicles'!$A$2:$A$158,'Data Set 2 - Vehicles'!$D$2:$D$158,"NF",0,-1),_xlpm.mdlname,_xlfn.XLOOKUP(A34,'Data Set 2 - Vehicles'!$A$2:$A$158,'Data Set 2 - Vehicles'!$E$2:$E$158,"NF",0,-1),_xlpm.vehcilename,_xlfn.CONCAT(_xlpm.mfcname," ",_xlpm.mdlname),IF(S34="Has No Vehicle","Has No Vehicle",IF(S34="Has Only One Vehicle","Has Only One Vehicle",IF(_xlpm.vehcilename="NF NF","Not Found",_xlpm.vehcilename)))) -> Has Only One Vehicle | U34: =_xlfn.LET(_xlpm.vserdate,_xlfn.XLOOKUP(A34,'Data Set 2 - Vehicles'!$A$2:$A$158,'Data Set 2 - Vehicles'!$O$2:$O$158,"NF",0,-1), IF(OR('Data Set 1'!S34="Has No Vehicle",'Data Set 1'!S34="Has Only One Vehicle"),'Data Set 1'!S34,_xlpm.vserdate)) -> Has Only One Vehicle | V34: =SUMIF('Data Set 2 - Vehicles'!$A$2:$A$158,'Data Set 1'!A34,'Data Set 2 - Vehicles'!$Q$2:$Q$158) -> 58653 | W34: =_xlfn.LET(_xlpm.maxdate,_xlfn.MAXIFS('Data Set 2 - Vehicles'!$O$2:$O$158,'Data Set 2 - Vehicles'!$A$2:$A$158,'Data Set 1'!A34),IF(_xlpm.maxdate=0,"",_xlpm.maxdate)) -> 44309 | X34: =IF(W34="","No Service Record", IF(W34<EDATE(TODAY(),-48),"InActive","Active")) -> InActive | Y34: =IF(tblCustomers[[#This Row],[total mileage]]=0,"Customer has No Car", IF(AND(tblCustomers[[#This Row],[total mileage]]>0,tblCustomers[[#This Row],[total mileage]]<=100000),"50K - 100K", IF(AND(tblCustomers[[#This Row],[total mileage]]>100000,tblCustomers[[#This Row],[total mileage]]<=200000),"100K-200K","Mileage>200k"))) -> 50K - 100K
A35: 1116 | D35: Comfort Inn | E35: 55892 Jacksonville Rd | F35: Owings Mills | G35: MD | H35: 21117 | I35: =_xlfn.CONCAT(B35," ",C35) | J35: =IF(I35=" ",D35,I35) -> Comfort Inn | K35: =_xlfn.TEXTBEFORE(E35, " ") -> 55892 | L35: =VLOOKUP(A35,'Data Set 3 - Contacts'!$A$2:$F$136,5,FALSE) -> 4102249462 | M35: =VLOOKUP(A35,'Data Set 3 - Contacts'!$A$2:$F$136,6,FALSE) | N35: =VLOOKUP(A35,'Data Set 3 - Contacts'!$A$2:$F$136,4,FALSE) -> gkulzer@kulzer.org | O35: =_xlfn.XLOOKUP(A35,'Data Set 2 - Vehicles'!$A$2:$A$158,'Data Set 2 - Vehicles'!$B$2:$B$158,0,0,-1) -> 1 | P35: =_xlfn.XLOOKUP(A35,'Data Set 2 - Vehicles'!$A$2:$A$158,'Data Set 2 - Vehicles'!$E$2:$E$158,"Not Found",0,1) -> Impala | Q35: =IF(_xlfn.CONCAT(_xlfn.XLOOKUP(A35,'Data Set 2 - Vehicles'!$A$2:$A$158,'Data Set 2 - Vehicles'!$D$2:$D$158,"Not Found",0,1)," ",_xlfn.XLOOKUP(A35,'Data Set 2 - Vehicles'!$A$2:$A$158,'Data Set 2 - Vehicles'!$E$2:$E$158,"Not Found",0,1))="Not Found Not Found", "Not Found",_xlfn.CONCAT(_xlfn.XLOOKUP(A35,'Data Set 2 - Vehicles'!$A$2:$A$158,'Data Set 2 - Vehicles'!$D$2:$D$158,"Not Found",0,1)," ",_xlfn.XLOOKUP(A35,'Data Set 2 - Vehicles'!$A$2:$A$158,'Data Set 2 - Vehicles'!$E$2:$E$158,"Not Found",0,1))) -> Chevrolet Impala | R35: =_xlfn.XLOOKUP(A35,'Data Set 2 - Vehicles'!$A$2:$A$158,'Data Set 2 - Vehicles'!$O$2:$O$158,"",0,1) -> 42904 | S35: =IF(_xlfn.XLOOKUP(A35,'Data Set 2 - Vehicles'!$A$2:$A$158,'Data Set 2 - Vehicles'!$E$2:$E$158,"Has No Vehicle",0,-1)=P35,"Has Only One Vehicle",_xlfn.XLOOKUP(A35,'Data Set 2 - Vehicles'!$A$2:$A$158,'Data Set 2 - Vehicles'!$E$2:$E$158,"Has No Vehcile",0,-1)) -> Has Only One Vehicle | T35: =_xlfn.LET(_xlpm.mfcname,_xlfn.XLOOKUP(A35,'Data Set 2 - Vehicles'!$A$2:$A$158,'Data Set 2 - Vehicles'!$D$2:$D$158,"NF",0,-1),_xlpm.mdlname,_xlfn.XLOOKUP(A35,'Data Set 2 - Vehicles'!$A$2:$A$158,'Data Set 2 - Vehicles'!$E$2:$E$158,"NF",0,-1),_xlpm.vehcilename,_xlfn.CONCAT(_xlpm.mfcname," ",_xlpm.mdlname),IF(S35="Has No Vehicle","Has No Vehicle",IF(S35="Has Only One Vehicle","Has Only One Vehicle",IF(_xlpm.vehcilename="NF NF","Not Found",_xlpm.vehcilename)))) -> Has Only One Vehicle | U35: =_xlfn.LET(_xlpm.vserdate,_xlfn.XLOOKUP(A35,'Data Set 2 - Vehicles'!$A$2:$A$158,'Data Set 2 - Vehicles'!$O$2:$O$158,"NF",0,-1), IF(OR('Data Set 1'!S35="Has No Vehicle",'Data Set 1'!S35="Has Only One Vehicle"),'Data Set 1'!S35,_xlpm.vserdate)) -> Has Only One Vehicle | V35: =SUMIF('Data Set 2 - Vehicles'!$A$2:$A$158,'Data Set 1'!A35,'Data Set 2 - Vehicles'!$Q$2:$Q$158) -> 82160 | W35: =_xlfn.LET(_xlpm.maxdate,_xlfn.MAXIFS('Data Set 2 - Vehicles'!$O$2:$O$158,'Data Set 2 - Vehicles'!$A$2:$A$158,'Data Set 1'!A35),IF(_xlpm.maxdate=0,"",_xlpm.maxdate)) -> 42904 | X35: =IF(W35="","No Service Record", IF(W35<EDATE(TODAY(),-48),"InActive","Active")) -> InActive | Y35: =IF(tblCustomers[[#This Row],[total mileage]]=0,"Customer has No Car", IF(AND(tblCustomers[[#This Row],[total mileage]]>0,tblCustomers[[#This Row],[total mileage]]<=100000),"50K - 100K", IF(AND(tblCustomers[[#This Row],[total mileage]]>100000,tblCustomers[[#This Row],[total mileage]]<=200000),"100K-200K","Mileage>200k"))) -> 50K - 100K
A36: 1085 | B36: Lettie | C36: Isenhower | E36: 70 W Main St | F36: Beachwood | G36: OH | H36: 44122 | I36: =_xlfn.CONCAT(B36," ",C36) -> Lettie Isenhower | J36: =IF(I36=" ",D36,I36) -> Lettie Isenhower | K36: =_xlfn.TEXTBEFORE(E36, " ") -> 70 | L36: =VLOOKUP(A36,'Data Set 3 - Contacts'!$A$2:$F$136,5,FALSE) -> 2166577668 | M36: =VLOOKUP(A36,'Data Set 3 - Contacts'!$A$2:$F$136,6,FALSE) -> 2167338494 | N36: =VLOOKUP(A36,'Data Set 3 - Contacts'!$A$2:$F$136,4,FALSE) -> lettie_isenhower@yahoo.com | O36: =_xlfn.XLOOKUP(A36,'Data Set 2 - Vehicles'!$A$2:$A$158,'Data Set 2 - Vehicles'!$B$2:$B$158,0,0,-1) -> 1 | P36: =_xlfn.XLOOKUP(A36,'Data Set 2 - Vehicles'!$A$2:$A$158,'Data Set 2 - Vehicles'!$E$2:$E$158,"Not Found",0,1) -> CL500 | Q36: =IF(_xlfn.CONCAT(_xlfn.XLOOKUP(A36,'Data Set 2 - Vehicles'!$A$2:$A$158,'Data Set 2 - Vehicles'!$D$2:$D$158,"Not Found",0,1)," ",_xlfn.XLOOKUP(A36,'Data Set 2 - Vehicles'!$A$2:$A$158,'Data Set 2 - Vehicles'!$E$2:$E$158,"Not Found",0,1))="Not Found Not Found", "Not Found",_xlfn.CONCAT(_xlfn.XLOOKUP(A36,'Data Set 2 - Vehicles'!$A$2:$A$158,'Data Set 2 - Vehicles'!$D$2:$D$158,"Not Found",0,1)," ",_xlfn.XLOOKUP(A36,'Data Set 2 - Vehicles'!$A$2:$A$158,'Data Set 2 - Vehicles'!$E$2:$E$158,"Not Found",0,1))) -> Mercedes-B CL500 | R36: =_xlfn.XLOOKUP(A36,'Data Set 2 - Vehicles'!$A$2:$A$158,'Data Set 2 - Vehicles'!$O$2:$O$158,"",0,1) -> 45027 | S36: =IF(_xlfn.XLOOKUP(A36,'Data Set 2 - Vehicles'!$A$2:$A$158,'Data Set 2 - Vehicles'!$E$2:$E$158,"Has No Vehicle",0,-1)=P36,"Has Only One Vehicle",_xlfn.XLOOKUP(A36,'Data Set 2 - Vehicles'!$A$2:$A$158,'Data Set 2 - Vehicles'!$E$2:$E$158,"Has No Vehcile",0,-1)) -> Has Only One Vehicle | T36: =_xlfn.LET(_xlpm.mfcname,_xlfn.XLOOKUP(A36,'Data Set 2 - Vehicles'!$A$2:$A$158,'Data Set 2 - Vehicles'!$D$2:$D$158,"NF",0,-1),_xlpm.mdlname,_xlfn.XLOOKUP(A36,'Data Set 2 - Vehicles'!$A$2:$A$158,'Data Set 2 - Vehicles'!$E$2:$E$158,"NF",0,-1),_xlpm.vehcilename,_xlfn.CONCAT(_xlpm.mfcname," ",_xlpm.mdlname),IF(S36="Has No Vehicle","Has No Vehicle",IF(S36="Has Only One Vehicle","Has Only One Vehicle",IF(_xlpm.vehcilename="NF NF","Not Found",_xlpm.vehcilename)))) -> Has Only One Vehicle | U36: =_xlfn.LET(_xlpm.vserdate,_xlfn.XLOOKUP(A36,'Data Set 2 - Vehicles'!$A$2:$A$158,'Data Set 2 - Vehicles'!$O$2:$O$158,"NF",0,-1), IF(OR('Data Set 1'!S36="Has No Vehicle",'Data Set 1'!S36="Has Only One Vehicle"),'Data Set 1'!S36,_xlpm.vserdate)) -> Has Only One Vehicle | V36: =SUMIF('Data Set 2 - Vehicles'!$A$2:$A$158,'Data Set 1'!A36,'Data Set 2 - Vehicles'!$Q$2:$Q$158) -> 127350 | W36: =_xlfn.LET(_xlpm.maxdate,_xlfn.MAXIFS('Data Set 2 - Vehicles'!$O$2:$O$158,'Data Set 2 - Vehicles'!$A$2:$A$158,'Data Set 1'!A36),IF(_xlpm.maxdate=0,"",_xlpm.maxdate)) -> 45027 | X36: =IF(W36="","No Service Record", IF(W36<EDATE(TODAY(),-48),"InActive","Active")) -> Active | Y36: =IF(tblCustomers[[#This Row],[total mileage]]=0,"Customer has No Car", IF(AND(tblCustomers[[#This Row],[total mileage]]>0,tblCustomers[[#This Row],[total mileage]]<=100000),"50K - 100K", IF(AND(tblCustomers[[#This Row],[total mileage]]>100000,tblCustomers[[#This Row],[total mileage]]<=200000),"100K-200K","Mileage>200k"))) -> 100K-200K
A37: 1326 | D37: Courtyard By Marriott | E37: 80 Pittsford Victor Rd #9 | F37: Cleveland | G37: OH | H37: 44103 | I37: =_xlfn.CONCAT(B37," ",C37) | J37: =IF(I37=" ",D37,I37) -> Courtyard By Marriott | K37: =_xlfn.TEXTBEFORE(E37, " ") -> 80 | L37: =VLOOKUP(A37,'Data Set 3 - Contacts'!$A$2:$F$136,5,FALSE) -> 2162304892 | M37: =VLOOKUP(A37,'Data Set 3 - Contacts'!$A$2:$F$136,6,FALSE) -> 2169375320 | N37: =VLOOKUP(A37,'Data Set 3 - Contacts'!$A$2:$F$136,4,FALSE) -> adelina_nabours@gmail.com | O37: =_xlfn.XLOOKUP(A37,'Data Set 2 - Vehicles'!$A$2:$A$158,'Data Set 2 - Vehicles'!$B$2:$B$158,0,0,-1) -> 1 | P37: =_xlfn.XLOOKUP(A37,'Data Set 2 - Vehicles'!$A$2:$A$158,'Data Set 2 - Vehicles'!$E$2:$E$158,"Not Found",0,1) -> SL-Class | Q37: =IF(_xlfn.CONCAT(_xlfn.XLOOKUP(A37,'Data Set 2 - Vehicles'!$A$2:$A$158,'Data Set 2 - Vehicles'!$D$2:$D$158,"Not Found",0,1)," ",_xlfn.XLOOKUP(A37,'Data Set 2 - Vehicles'!$A$2:$A$158,'Data Set 2 - Vehicles'!$E$2:$E$158,"Not Found",0,1))="Not Found Not Found", "Not Found",_xlfn.CONCAT(_xlfn.XLOOKUP(A37,'Data Set 2 - Vehicles'!$A$2:$A$158,'Data Set 2 - Vehicles'!$D$2:$D$158,"Not Found",0,1)," ",_xlfn.XLOOKUP(A37,'Data Set 2 - Vehicles'!$A$2:$A$158,'Data Set 2 - Vehicles'!$E$2:$E$158,"Not Found",0,1))) -> Mercedes-B SL-Class | R37: =_xlfn.XLOOKUP(A37,'Data Set 2 - Vehicles'!$A$2:$A$158,'Data Set 2 - Vehicles'!$O$2:$O$158,"",0,1) -> 39158 | S37: =IF(_xlfn.XLOOKUP(A37,'Data Set 2 - Vehicles'!$A$2:$A$158,'Data Set 2 - Vehicles'!$E$2:$E$158,"Has No Vehicle",0,-1)=P37,"Has Only One Vehicle",_xlfn.XLOOKUP(A37,'Data Set 2 - Vehicles'!$A$2:$A$158,'Data Set 2 - Vehicles'!$E$2:$E$158,"Has No Vehcile",0,-1)) -> Has Only One Vehicle | T37: =_xlfn.LET(_xlpm.mfcname,_xlfn.XLOOKUP(A37,'Data Set 2 - Vehicles'!$A$2:$A$158,'Data Set 2 - Vehicles'!$D$2:$D$158,"NF",0,-1),_xlpm.mdlname,_xlfn.XLOOKUP(A37,'Data Set 2 - Vehicles'!$A$2:$A$158,'Data Set 2 - Vehicles'!$E$2:$E$158,"NF",0,-1),_xlpm.vehcilename,_xlfn.CONCAT(_xlpm.mfcname," ",_xlpm.mdlname),IF(S37="Has No Vehicle","Has No Vehicle",IF(S37="Has Only One Vehicle","Has Only One Vehicle",IF(_xlpm.vehcilename="NF NF","Not Found",_xlpm.vehcilename)))) -> Has Only One Vehicle | U37: =_xlfn.LET(_xlpm.vserdate,_xlfn.XLOOKUP(A37,'Data Set 2 - Vehicles'!$A$2:$A$158,'Data Set 2 - Vehicles'!$O$2:$O$158,"NF",0,-1), IF(OR('Data Set 1'!S37="Has No Vehicle",'Data Set 1'!S37="Has Only One Vehicle"),'Data Set 1'!S37,_xlpm.vserdate)) -> Has Only One Vehicle | V37: =SUMIF('Data Set 2 - Vehicles'!$A$2:$A$158,'Data Set 1'!A37,'Data Set 2 - Vehicles'!$Q$2:$Q$158) -> 232959 | W37: =_xlfn.LET(_xlpm.maxdate,_xlfn.MAXIFS('Data Set 2 - Vehicles'!$O$2:$O$158,'Data Set 2 - Vehicles'!$A$2:$A$158,'Data Set 1'!A37),IF(_xlpm.maxdate=0,"",_xlpm.maxdate)) -> 39158 | X37: =IF(W37="","No Service Record", IF(W37<EDATE(TODAY(),-48),"InActive","Active")) -> InActive | Y37: =IF(tblCustomers[[#This Row],[total mileage]]=0,"Customer has No Car", IF(AND(tblCustomers[[#This Row],[total mileage]]>0,tblCustomers[[#This Row],[total mileage]]<=100000),"50K - 100K", IF(AND(tblCustomers[[#This Row],[total mileage]]>100000,tblCustomers[[#This Row],[total mileage]]<=200000),"100K-200K","Mileage>200k"))) -> Mileage>200k
A38: 1422 | B38: Virgie | C38: Kiel | E38: 76598 Rd I 95 #1 | F38: Denver | G38: CO | H38: 80216 | I38: =_xlfn.CONCAT(B38," ",C38) -> Virgie Kiel | J38: =IF(I38=" ",D38,I38) -> Virgie Kiel | K38: =_xlfn.TEXTBEFORE(E38, " ") -> 76598 | L38: =VLOOKUP(A38,'Data Set 3 - Contacts'!$A$2:$F$136,5,FALSE) -> 3037767548 | M38: =VLOOKUP(A38,'Data Set 3 - Contacts'!$A$2:$F$136,6,FALSE) -> 3038455408 | N38: =VLOOKUP(A38,'Data Set 3 - Contacts'!$A$2:$F$136,4,FALSE) -> vkiel@hotmail.com | O38: =_xlfn.XLOOKUP(A38,'Data Set 2 - Vehicles'!$A$2:$A$158,'Data Set 2 - Vehicles'!$B$2:$B$158,0,0,-1) -> 2 | P38: =_xlfn.XLOOKUP(A38,'Data Set 2 - Vehicles'!$A$2:$A$158,'Data Set 2 - Vehicles'!$E$2:$E$158,"Not Found",0,1) -> Golf | Q38: =IF(_xlfn.CONCAT(_xlfn.XLOOKUP(A38,'Data Set 2 - Vehicles'!$A$2:$A$158,'Data Set 2 - Vehicles'!$D$2:$D$158,"Not Found",0,1)," ",_xlfn.XLOOKUP(A38,'Data Set 2 - Vehicles'!$A$2:$A$158,'Data Set 2 - Vehicles'!$E$2:$E$158,"Not Found",0,1))="Not Found Not Found", "Not Found",_xlfn.CONCAT(_xlfn.XLOOKUP(A38,'Data Set 2 - Vehicles'!$A$2:$A$158,'Data Set 2 - Vehicles'!$D$2:$D$158,"Not Found",0,1)," ",_xlfn.XLOOKUP(A38,'Data Set 2 - Vehicles'!$A$2:$A$158,'Data Set 2 - Vehicles'!$E$2:$E$158,"Not Found",0,1))) -> Volkswagen Golf | R38: =_xlfn.XLOOKUP(A38,'Data Set 2 - Vehicles'!$A$2:$A$158,'Data Set 2 - Vehicles'!$O$2:$O$158,"",0,1) -> 40202 | S38: =IF(_xlfn.XLOOKUP(A38,'Data Set 2 - Vehicles'!$A$2:$A$158,'Data Set 2 - Vehicles'!$E$2:$E$158,"Has No Vehicle",0,-1)=P38,"Has Only One Vehicle",_xlfn.XLOOKUP(A38,'Data Set 2 - Vehicles'!$A$2:$A$158,'Data Set 2 - Vehicles'!$E$2:$E$158,"Has No Vehcile",0,-1)) -> Grand Prix | T38: =_xlfn.LET(_xlpm.mfcname,_xlfn.XLOOKUP(A38,'Data Set 2 - Vehicles'!$A$2:$A$158,'Data Set 2 - Vehicles'!$D$2:$D$158,"NF",0,-1),_xlpm.mdlname,_xlfn.XLOOKUP(A38,'Data Set 2 - Vehicles'!$A$2:$A$158,'Data Set 2 - Vehicles'!$E$2:$E$158,"NF",0,-1),_xlpm.vehcilename,_xlfn.CONCAT(_xlpm.mfcname," ",_xlpm.mdlname),IF(S38="Has No Vehicle","Has No Vehicle",IF(S38="Has Only One Vehicle","Has Only One Vehicle",IF(_xlpm.vehcilename="NF NF","Not Found",_xlpm.vehcilename)))) -> Pontiac Grand Prix | U38: =_xlfn.LET(_xlpm.vserdate,_xlfn.XLOOKUP(A38,'Data Set 2 - Vehicles'!$A$2:$A$158,'Data Set 2 - Vehicles'!$O$2:$O$158,"NF",0,-1), IF(OR('Data Set 1'!S38="Has No Vehicle",'Data Set 1'!S38="Has Only One Vehicle"),'Data Set 1'!S38,_xlpm.vserdate)) -> 40101 | V38: =SUMIF('Data Set 2 - Vehicles'!$A$2:$A$158,'Data Set 1'!A38,'Data Set 2 - Vehicles'!$Q$2:$Q$158) -> 211410 | W38: =_xlfn.LET(_xlpm.maxdate,_xlfn.MAXIFS('Data Set 2 - Vehicles'!$O$2:$O$158,'Data Set 2 - Vehicles'!$A$2:$A$158,'Data Set 1'!A38),IF(_xlpm.maxdate=0,"",_xlpm.maxdate)) -> 40202 | X38: =IF(W38="","No Service Record", IF(W38<EDATE(TODAY(),-48),"InActive","Active")) -> InActive | Y38: =IF(tblCustomers[[#This Row],[total mileage]]=0,"Customer has No Car", IF(AND(tblCustomers[[#This Row],[total mileage]]>0,tblCustomers[[#This Row],[total mileage]]<=100000),"50K - 100K", IF(AND(tblCustomers[[#This Row],[total mileage]]>100000,tblCustomers[[#This Row],[total mileage]]<=200000),"100K-200K","Mileage>200k"))) -> Mileage>200k
A39: 1338 | B39: Kate | C39: Keneipp | E39: 33 N Michigan Ave | F39: Green Bay | G39: WI | H39: 54301 | I39: =_xlfn.CONCAT(B39," ",C39) -> Kate Keneipp | J39: =IF(I39=" ",D39,I39) -> Kate Keneipp | K39: =_xlfn.TEXTBEFORE(E39, " ") -> 33 | L39: =VLOOKUP(A39,'Data Set 3 - Contacts'!$A$2:$F$136,5,FALSE) -> 9203536377 | M39: =VLOOKUP(A39,'Data Set 3 - Contacts'!$A$2:$F$136,6,FALSE) -> 9203551610 | N39: =VLOOKUP(A39,'Data Set 3 - Contacts'!$A$2:$F$136,4,FALSE) -> kate_keneipp@yahoo.com | O39: =_xlfn.XLOOKUP(A39,'Data Set 2 - Vehicles'!$A$2:$A$158,'Data Set 2 - Vehicles'!$B$2:$B$158,0,0,-1) -> 0 | P39: =_xlfn.XLOOKUP(A39,'Data Set 2 - Vehicles'!$A$2:$A$158,'Data Set 2 - Vehicles'!$E$2:$E$158,"Not Found",0,1) -> Not Found | Q39: =IF(_xlfn.CONCAT(_xlfn.XLOOKUP(A39,'Data Set 2 - Vehicles'!$A$2:$A$158,'Data Set 2 - Vehicles'!$D$2:$D$158,"Not Found",0,1)," ",_xlfn.XLOOKUP(A39,'Data Set 2 - Vehicles'!$A$2:$A$158,'Data Set 2 - Vehicles'!$E$2:$E$158,"Not Found",0,1))="Not Found Not Found", "Not Found",_xlfn.CONCAT(_xlfn.XLOOKUP(A39,'Data Set 2 - Vehicles'!$A$2:$A$158,'Data Set 2 - Vehicles'!$D$2:$D$158,"Not Found",0,1)," ",_xlfn.XLOOKUP(A39,'Data Set 2 - Vehicles'!$A$2:$A$158,'Data Set 2 - Vehicles'!$E$2:$E$158,"Not Found",0,1))) -> Not Found | R39: =_xlfn.XLOOKUP(A39,'Data Set 2 - Vehicles'!$A$2:$A$158,'Data Set 2 - Vehicles'!$O$2:$O$158,"",0,1) | S39: =IF(_xlfn.XLOOKUP(A39,'Data Set 2 - Vehicles'!$A$2:$A$158,'Data Set 2 - Vehicles'!$E$2:$E$158,"Has No Vehicle",0,-1)=P39,"Has Only One Vehicle",_xlfn.XLOOKUP(A39,'Data Set 2 - Vehicles'!$A$2:$A$158,'Data Set 2 - Vehicles'!$E$2:$E$158,"Has No Vehcile",0,-1)) -> Has No Vehcile | T39: =_xlfn.LET(_xlpm.mfcname,_xlfn.XLOOKUP(A39,'Data Set 2 - Vehicles'!$A$2:$A$158,'Data Set 2 - Vehicles'!$D$2:$D$158,"NF",0,-1),_xlpm.mdlname,_xlfn.XLOOKUP(A39,'Data Set 2 - Vehicles'!$A$2:$A$158,'Data Set 2 - Vehicles'!$E$2:$E$158,"NF",0,-1),_xlpm.vehcilename,_xlfn.CONCAT(_xlpm.mfcname," ",_xlpm.mdlname),IF(S39="Has No Vehicle","Has No Vehicle",IF(S39="Has Only One Vehicle","Has Only One Vehicle",IF(_xlpm.vehcilename="NF NF","Not Found",_xlpm.vehcilename)))) -> Not Found | U39: =_xlfn.LET(_xlpm.vserdate,_xlfn.XLOOKUP(A39,'Data Set 2 - Vehicles'!$A$2:$A$158,'Data Set 2 - Vehicles'!$O$2:$O$158,"NF",0,-1), IF(OR('Data Set 1'!S39="Has No Vehicle",'Data Set 1'!S39="Has Only One Vehicle"),'Data Set 1'!S39,_xlpm.vserdate)) -> NF | V39: =SUMIF('Data Set 2 - Vehicles'!$A$2:$A$158,'Data Set 1'!A39,'Data Set 2 - Vehicles'!$Q$2:$Q$158) -> 0 | W39: =_xlfn.LET(_xlpm.maxdate,_xlfn.MAXIFS('Data Set 2 - Vehicles'!$O$2:$O$158,'Data Set 2 - Vehicles'!$A$2:$A$158,'Data Set 1'!A39),IF(_xlpm.maxdate=0,"",_xlpm.maxdate)) | X39: =IF(W39="","No Service Record", IF(W39<EDATE(TODAY(),-48),"InActive","Active")) -> No Service Record | Y39: =IF(tblCustomers[[#This Row],[total mileage]]=0,"Customer has No Car", IF(AND(tblCustomers[[#This Row],[total mileage]]>0,tblCustomers[[#This Row],[total mileage]]<=100000),"50K - 100K", IF(AND(tblCustomers[[#This Row],[total mileage]]>100000,tblCustomers[[#This Row],[total mileage]]<=200000),"100K-200K","Mileage>200k"))) -> Customer has No Car
A40: 1385 | D40: Del Charro Apartments | E40: 617 Nw 36th Ave | F40: Brook Park | G40: OH | H40: 44142 | I40: =_xlfn.CONCAT(B40," ",C40) | J40: =IF(I40=" ",D40,I40) -> Del Charro Apartments | K40: =_xlfn.TEXTBEFORE(E40, " ") -> 617 | L40: =VLOOKUP(A40,'Data Set 3 - Contacts'!$A$2:$F$136,5,FALSE) -> 2166006111 | M40: =VLOOKUP(A40,'Data Set 3 - Contacts'!$A$2:$F$136,6,FALSE) -> 2168716876 | N40: =VLOOKUP(A40,'Data Set 3 - Contacts'!$A$2:$F$136,4,FALSE) -> galen@yahoo.com | O40: =_xlfn.XLOOKUP(A40,'Data Set 2 - Vehicles'!$A$2:$A$158,'Data Set 2 - Vehicles'!$B$2:$B$158,0,0,-1) -> 1 | P40: =_xlfn.XLOOKUP(A40,'Data Set 2 - Vehicles'!$A$2:$A$158,'Data Set 2 - Vehicles'!$E$2:$E$158,"Not Found",0,1) -> SLK230 | Q40: =IF(_xlfn.CONCAT(_xlfn.XLOOKUP(A40,'Data Set 2 - Vehicles'!$A$2:$A$158,'Data Set 2 - Vehicles'!$D$2:$D$158,"Not Found",0,1)," ",_xlfn.XLOOKUP(A40,'Data Set 2 - Vehicles'!$A$2:$A$158,'Data Set 2 - Vehicles'!$E$2:$E$158,"Not Found",0,1))="Not Found Not Found", "Not Found",_xlfn.CONCAT(_xlfn.XLOOKUP(A40,'Data Set 2 - Vehicles'!$A$2:$A$158,'Data Set 2 - Vehicles'!$D$2:$D$158,"Not Found",0,1)," ",_xlfn.XLOOKUP(A40,'Data Set 2 - Vehicles'!$A$2:$A$158,'Data Set 2 - Vehicles'!$E$2:$E$158,"Not Found",0,1))) -> Mercedes-B SLK230 | R40: =_xlfn.XLOOKUP(A40,'Data Set 2 - Vehicles'!$A$2:$A$158,'Data Set 2 - Vehicles'!$O$2:$O$158,"",0,1) -> 40396 | S40: =IF(_xlfn.XLOOKUP(A40,'Data Set 2 - Vehicles'!$A$2:$A$158,'Data Set 2 - Vehicles'!$E$2:$E$158,"Has No Vehicle",0,-1)=P40,"Has Only One Vehicle",_xlfn.XLOOKUP(A40,'Data Set 2 - Vehicles'!$A$2:$A$158,'Data Set 2 - Vehicles'!$E$2:$E$158,"Has No Vehcile",0,-1)) -> Has Only One Vehicle | T40: =_xlfn.LET(_xlpm.mfcname,_xlfn.XLOOKUP(A40,'Data Set 2 - Vehicles'!$A$2:$A$158,'Data Set 2 - Vehicles'!$D$2:$D$158,"NF",0,-1),_xlpm.mdlname,_xlfn.XLOOKUP(A40,'Data Set 2 - Vehicles'!$A$2:$A$158,'Data Set 2 - Vehicles'!$E$2:$E$158,"NF",0,-1),_xlpm.vehcilename,_xlfn.CONCAT(_xlpm.mfcname," ",_xlpm.mdlname),IF(S40="Has No Vehicle","Has No Vehicle",IF(S40="Has Only One Vehicle","Has Only One Vehicle",IF(_xlpm.vehcilename="NF NF","Not Found",_xlpm.vehcilename)))) -> Has Only One Vehicle | U40: =_xlfn.LET(_xlpm.vserdate,_xlfn.XLOOKUP(A40,'Data Set 2 - Vehicles'!$A$2:$A$158,'Data Set 2 - Vehicles'!$O$2:$O$158,"NF",0,-1), IF(OR('Data Set 1'!S40="Has No Vehicle",'Data Set 1'!S40="Has Only One Vehicle"),'Data Set 1'!S40,_xlpm.vserdate)) -> Has Only One Vehicle | V40: =SUMIF('Data Set 2 - Vehicles'!$A$2:$A$158,'Data Set 1'!A40,'Data Set 2 - Vehicles'!$Q$2:$Q$158) -> 59409 | W40: =_xlfn.LET(_xlpm.maxdate,_xlfn.MAXIFS('Data Set 2 - Vehicles'!$O$2:$O$158,'Data Set 2 - Vehicles'!$A$2:$A$158,'Data Set 1'!A40),IF(_xlpm.maxdate=0,"",_xlpm.maxdate)) -> 40396 | X40: =IF(W40="","No Service Record", IF(W40<EDATE(TODAY(),-48),"InActive","Active")) -> InActive | Y40: =IF(tblCustomers[[#This Row],[total mileage]]=0,"Customer has No Car", IF(AND(tblCustomers[[#This Row],[total mileage]]>0,tblCustomers[[#This Row],[total mileage]]<=100000),"50K - 100K", IF(AND(tblCustomers[[#This Row],[total mileage]]>100000,tblCustomers[[#This Row],[total mileage]]<=200000),"100K-200K","Mileage>200k"))) -> 50K - 100K
A41: 1124 | B41: Devora | C41: Perez | D41: Desco Equipment Corp | E41: 72868 Blackington Ave | F41: Oakland | G41: CA | H41: 94606 | I41: =_xlfn.CONCAT(B41," ",C41) -> Devora Perez | J41: =IF(I41=" ",D41,I41) -> Devora Perez | K41: =_xlfn.TEXTBEFORE(E41, " ") -> 72868 | L41: =VLOOKUP(A41,'Data Set 3 - Contacts'!$A$2:$F$136,5,FALSE) -> 5109553016 | M41: =VLOOKUP(A41,'Data Set 3 - Contacts'!$A$2:$F$136,6,FALSE) | N41: =VLOOKUP(A41,'Data Set 3 - Contacts'!$A$2:$F$136,4,FALSE) -> devora_perez@perez.org | O41: =_xlfn.XLOOKUP(A41,'Data Set 2 - Vehicles'!$A$2:$A$158,'Data Set 2 - Vehicles'!$B$2:$B$158,0,0,-1) -> 2 | P41: =_xlfn.XLOOKUP(A41,'Data Set 2 - Vehicles'!$A$2:$A$158,'Data Set 2 - Vehicles'!$E$2:$E$158,"Not Found",0,1) -> Taurus | Q41: =IF(_xlfn.CONCAT(_xlfn.XLOOKUP(A41,'Data Set 2 - Vehicles'!$A$2:$A$158,'Data Set 2 - Vehicles'!$D$2:$D$158,"Not Found",0,1)," ",_xlfn.XLOOKUP(A41,'Data Set 2 - Vehicles'!$A$2:$A$158,'Data Set 2 - Vehicles'!$E$2:$E$158,"Not Found",0,1))="Not Found Not Found", "Not Found",_xlfn.CONCAT(_xlfn.XLOOKUP(A41,'Data Set 2 - Vehicles'!$A$2:$A$158,'Data Set 2 - Vehicles'!$D$2:$D$158,"Not Found",0,1)," ",_xlfn.XLOOKUP(A41,'Data Set 2 - Vehicles'!$A$2:$A$158,'Data Set 2 - Vehicles'!$E$2:$E$158,"Not Found",0,1))) -> Ford Taurus | R41: =_xlfn.XLOOKUP(A41,'Data Set 2 - Vehicles'!$A$2:$A$158,'Data Set 2 - Vehicles'!$O$2:$O$158,"",0,1) -> 44185 | S41: =IF(_xlfn.XLOOKUP(A41,'Data Set 2 - Vehicles'!$A$2:$A$158,'Data Set 2 - Vehicles'!$E$2:$E$158,"Has No Vehicle",0,-1)=P41,"Has Only One Vehicle",_xlfn.XLOOKUP(A41,'Data Set 2 - Vehicles'!$A$2:$A$158,'Data Set 2 - Vehicles'!$E$2:$E$158,"Has No Vehcile",0,-1)) -> A6 | T41: =_xlfn.LET(_xlpm.mfcname,_xlfn.XLOOKUP(A41,'Data Set 2 - Vehicles'!$A$2:$A$158,'Data Set 2 - Vehicles'!$D$2:$D$158,"NF",0,-1),_xlpm.mdlname,_xlfn.XLOOKUP(A41,'Data Set 2 - Vehicles'!$A$2:$A$158,'Data Set 2 - Vehicles'!$E$2:$E$158,"NF",0,-1),_xlpm.vehcilename,_xlfn.CONCAT(_xlpm.mfcname," ",_xlpm.mdlname),IF(S41="Has No Vehicle","Has No Vehicle",IF(S41="Has Only One Vehicle","Has Only One Vehicle",IF(_xlpm.vehcilename="NF NF","Not Found",_xlpm.vehcilename)))) -> Audi A6 | U41: =_xlfn.LET(_xlpm.vserdate,_xlfn.XLOOKUP(A41,'Data Set 2 - Vehicles'!$A$2:$A$158,'Data Set 2 - Vehicles'!$O$2:$O$158,"NF",0,-1), IF(OR('Data Set 1'!S41="Has No Vehicle",'Data Set 1'!S41="Has Only One Vehicle"),'Data Set 1'!S41,_xlpm.vserdate)) -> 40764 | V41: =SUMIF('Data Set 2 - Vehicles'!$A$2:$A$158,'Data Set 1'!A41,'Data Set 2 - Vehicles'!$Q$2:$Q$158) -> 284883 | W41: =_xlfn.LET(_xlpm.maxdate,_xlfn.MAXIFS('Data Set 2 - Vehicles'!$O$2:$O$158,'Data Set 2 - Vehicles'!$A$2:$A$158,'Data Set 1'!A41),IF(_xlpm.maxdate=0,"",_xlpm.maxdate)) -> 44185 | X41: =IF(W41="","No Service Record", IF(W41<EDATE(TODAY(),-48),"InActive","Active")) -> InActive | Y41: =IF(tblCustomers[[#This Row],[total mileage]]=0,"Customer has No Car", IF(AND(tblCustomers[[#This Row],[total mileage]]>0,tblCustomers[[#This Row],[total mileage]]<=100000),"50K - 100K", IF(AND(tblCustomers[[#This Row],[total mileage]]>100000,tblCustomers[[#This Row],[total mileage]]<=200000),"100K-200K","Mileage>200k"))) -> Mileage>200k
A42: 1104 | D42: Di Cristina J & Son | E42: 170 Wyoming Ave | F42: Burnsville | G42: MN | H42: 55337 | I42: =_xlfn.CONCAT(B42," ",C42) | J42: =IF(I42=" ",D42,I42) -> Di Cristina J & Son | K42: =_xlfn.TEXTBEFORE(E42, " ") -> 170 | L42: =VLOOKUP(A42,'Data Set 3 - Contacts'!$A$2:$F$136,5,FALSE) -> 9523349408 | M42: =VLOOKUP(A42,'Data Set 3 - Contacts'!$A$2:$F$136,6,FALSE) -> 9529389457 | N42: =VLOOKUP(A42,'Data Set 3 - Contacts'!$A$2:$F$136,4,FALSE) -> cgoldammer@cox.net | O42: =_xlfn.XLOOKUP(A42,'Data Set 2 - Vehicles'!$A$2:$A$158,'Data Set 2 - Vehicles'!$B$2:$B$158,0,0,-1) -> 1 | P42: =_xlfn.XLOOKUP(A42,'Data Set 2 - Vehicles'!$A$2:$A$158,'Data Set 2 - Vehicles'!$E$2:$E$158,"Not Found",0,1) -> M-Class | Q42: =IF(_xlfn.CONCAT(_xlfn.XLOOKUP(A42,'Data Set 2 - Vehicles'!$A$2:$A$158,'Data Set 2 - Vehicles'!$D$2:$D$158,"Not Found",0,1)," ",_xlfn.XLOOKUP(A42,'Data Set 2 - Vehicles'!$A$2:$A$158,'Data Set 2 - Vehicles'!$E$2:$E$158,"Not Found",0,1))="Not Found Not Found", "Not Found",_xlfn.CONCAT(_xlfn.XLOOKUP(A42,'Data Set 2 - Vehicles'!$A$2:$A$158,'Data Set 2 - Vehicles'!$D$2:$D$158,"Not Found",0,1)," ",_xlfn.XLOOKUP(A42,'Data Set 2 - Vehicles'!$A$2:$A$158,'Data Set 2 - Vehicles'!$E$2:$E$158,"Not Found",0,1))) -> Mercedes-B M-Class | R42: =_xlfn.XLOOKUP(A42,'Data Set 2 - Vehicles'!$A$2:$A$158,'Data Set 2 - Vehicles'!$O$2:$O$158,"",0,1) -> 44237 | S42: =IF(_xlfn.XLOOKUP(A42,'Data Set 2 - Vehicles'!$A$2:$A$158,'Data Set 2 - Vehicles'!$E$2:$E$158,"Has No Vehicle",0,-1)=P42,"Has Only One Vehicle",_xlfn.XLOOKUP(A42,'Data Set 2 - Vehicles'!$A$2:$A$158,'Data Set 2 - Vehicles'!$E$2:$E$158,"Has No Vehcile",0,-1)) -> Has Only One Vehicle | T42: =_xlfn.LET(_xlpm.mfcname,_xlfn.XLOOKUP(A42,'Data Set 2 - Vehicles'!$A$2:$A$158,'Data Set 2 - Vehicles'!$D$2:$D$158,"NF",0,-1),_xlpm.mdlname,_xlfn.XLOOKUP(A42,'Data Set 2 - Vehicles'!$A$2:$A$158,'Data Set 2 - Vehicles'!$E$2:$E$158,"NF",0,-1),_xlpm.vehcilename,_xlfn.CONCAT(_xlpm.mfcname," ",_xlpm.mdlname),IF(S42="Has No Vehicle","Has No Vehicle",IF(S42="Has Only One Vehicle","Has Only One Vehicle",IF(_xlpm.vehcilename="NF NF","Not Found",_xlpm.vehcilename)))) -> Has Only One Vehicle | U42: =_xlfn.LET(_xlpm.vserdate,_xlfn.XLOOKUP(A42,'Data Set 2 - Vehicles'!$A$2:$A$158,'Data Set 2 - Vehicles'!$O$2:$O$158,"NF",0,-1), IF(OR('Data Set 1'!S42="Has No Vehicle",'Data Set 1'!S42="Has Only One Vehicle"),'Data Set 1'!S42,_xlpm.vserdate)) -> Has Only One Vehicle | V42: =SUMIF('Data Set 2 - Vehicles'!$A$2:$A$158,'Data Set 1'!A42,'Data Set 2 - Vehicles'!$Q$2:$Q$158) -> 152140 | W42: =_xlfn.LET(_xlpm.maxdate,_xlfn.MAXIFS('Data Set 2 - Vehicles'!$O$2:$O$158,'Data Set 2 - Vehicles'!$A$2:$A$158,'Data Set 1'!A42),IF(_xlpm.maxdate=0,"",_xlpm.maxdate)) -> 44237 | X42: =IF(W42="","No Service Record", IF(W42<EDATE(TODAY(),-48),"InActive","Active")) -> InActive | Y42: =IF(tblCustomers[[#This Row],[total mileage]]=0,"Customer has No Car", IF(AND(tblCustomers[[#This Row],[total mileage]]>0,tblCustomers[[#This Row],[total mileage]]<=100000),"50K - 100K", IF(AND(tblCustomers[[#This Row],[total mileage]]>100000,tblCustomers[[#This Row],[total mileage]]<=200000),"100K-200K","Mileage>200k"))) -> 100K-200K
A43: 1452 | B43: Lonna | C43: Diestel | E43: 1482 College Ave | F43: Fayetteville | G43: NC | H43: 28301 | I43: =_xlfn.CONCAT(B43," ",C43) -> Lonna Diestel | J43: =IF(I43=" ",D43,I43) -> Lonna Diestel | K43: =_xlfn.TEXTBEFORE(E43, " ") -> 1482 | L43: =VLOOKUP(A43,'Data Set 3 - Contacts'!$A$2:$F$136,5,FALSE) -> 9109223672 | M43: =VLOOKUP(A43,'Data Set 3 - Contacts'!$A$2:$F$136,6,FALSE) -> 9102007912 | N43: =VLOOKUP(A43,'Data Set 3 - Contacts'!$A$2:$F$136,4,FALSE) -> lonna_diestel@gmail.com | O43: =_xlfn.XLOOKUP(A43,'Data Set 2 - Vehicles'!$A$2:$A$158,'Data Set 2 - Vehicles'!$B$2:$B$158,0,0,-1) -> 1 | P43: =_xlfn.XLOOKUP(A43,'Data Set 2 - Vehicles'!$A$2:$A$158,'Data Set 2 - Vehicles'!$E$2:$E$158,"Not Found",0,1) -> E-Class | Q43: =IF(_xlfn.CONCAT(_xlfn.XLOOKUP(A43,'Data Set 2 - Vehicles'!$A$2:$A$158,'Data Set 2 - Vehicles'!$D$2:$D$158,"Not Found",0,1)," ",_xlfn.XLOOKUP(A43,'Data Set 2 - Vehicles'!$A$2:$A$158,'Data Set 2 - Vehicles'!$E$2:$E$158,"Not Found",0,1))="Not Found Not Found", "Not Found",_xlfn.CONCAT(_xlfn.XLOOKUP(A43,'Data Set 2 - Vehicles'!$A$2:$A$158,'Data Set 2 - Vehicles'!$D$2:$D$158,"Not Found",0,1)," ",_xlfn.XLOOKUP(A43,'Data Set 2 - Vehicles'!$A$2:$A$158,'Data Set 2 - Vehicles'!$E$2:$E$158,"Not Found",0,1))) -> Mercedes-B E-Class | R43: =_xlfn.XLOOKUP(A43,'Data Set 2 - Vehicles'!$A$2:$A$158,'Data Set 2 - Vehicles'!$O$2:$O$158,"",0,1) -> 39641 | S43: =IF(_xlfn.XLOOKUP(A43,'Data Set 2 - Vehicles'!$A$2:$A$158,'Data Set 2 - Vehicles'!$E$2:$E$158,"Has No Vehicle",0,-1)=P43,"Has Only One Vehicle",_xlfn.XLOOKUP(A43,'Data Set 2 - Vehicles'!$A$2:$A$158,'Data Set 2 - Vehicles'!$E$2:$E$158,"Has No Vehcile",0,-1)) -> Has Only One Vehicle | T43: =_xlfn.LET(_xlpm.mfcname,_xlfn.XLOOKUP(A43,'Data Set 2 - Vehicles'!$A$2:$A$158,'Data Set 2 - Vehicles'!$D$2:$D$158,"NF",0,-1),_xlpm.mdlname,_xlfn.XLOOKUP(A43,'Data Set 2 - Vehicles'!$A$2:$A$158,'Data Set 2 - Vehicles'!$E$2:$E$158,"NF",0,-1),_xlpm.vehcilename,_xlfn.CONCAT(_xlpm.mfcname," ",_xlpm.mdlname),IF(S43="Has No Vehicle","Has No Vehicle",IF(S43="Has Only One Vehicle","Has Only One Vehicle",IF(_xlpm.vehcilename="NF NF","Not Found",_xlpm.vehcilename)))) -> Has Only One Vehicle | U43: =_xlfn.LET(_xlpm.vserdate,_xlfn.XLOOKUP(A43,'Data Set 2 - Vehicles'!$A$2:$A$158,'Data Set 2 - Vehicles'!$O$2:$O$158,"NF",0,-1), IF(OR('Data Set 1'!S43="Has No Vehicle",'Data Set 1'!S43="Has Only One Vehicle"),'Data Set 1'!S43,_xlpm.vserdate)) -> Has Only One Vehicle | V43: =SUMIF('Data Set 2 - Vehicles'!$A$2:$A$158,'Data Set 1'!A43,'Data Set 2 - Vehicles'!$Q$2:$Q$158) -> 246320 | W43: =_xlfn.LET(_xlpm.maxdate,_xlfn.MAXIFS('Data Set 2 - Vehicles'!$O$2:$O$158,'Data Set 2 - Vehicles'!$A$2:$A$158,'Data Set 1'!A43),IF(_xlpm.maxdate=0,"",_xlpm.maxdate)) -> 39641 | X43: =IF(W43="","No Service Record", IF(W43<EDATE(TODAY(),-48),"InActive","Active")) -> InActive | Y43: =IF(tblCustomers[[#This Row],[total mileage]]=0,"Customer has No Car", IF(AND(tblCustomers[[#This Row],[total mileage]]>0,tblCustomers[[#This Row],[total mileage]]<=100000),"50K - 100K", IF(AND(tblCustomers[[#This Row],[total mileage]]>100000,tblCustomers[[#This Row],[total mileage]]<=200000),"100K-200K","Mileage>200k"))) -> Mileage>200k
A44: 1484 | B44: Janey | C44: Gabisi | E44: 40 Cambridge Ave | F44: Madison | G44: WI | H44: 53715 | I44: =_xlfn.CONCAT(B44," ",C44) -> Janey Gabisi | J44: =IF(I44=" ",D44,I44) -> Janey Gabisi | K44: =_xlfn.TEXTBEFORE(E44, " ") -> 40 | L44: =VLOOKUP(A44,'Data Set 3 - Contacts'!$A$2:$F$136,5,FALSE) -> 6089677194 | M44: =VLOOKUP(A44,'Data Set 3 - Contacts'!$A$2:$F$136,6,FALSE) -> 6085866912 | N44: =VLOOKUP(A44,'Data Set 3 - Contacts'!$A$2:$F$136,4,FALSE) -> jgabisi@hotmail.com | O44: =_xlfn.XLOOKUP(A44,'Data Set 2 - Vehicles'!$A$2:$A$158,'Data Set 2 - Vehicles'!$B$2:$B$158,0,0,-1) -> 2 | P44: =_xlfn.XLOOKUP(A44,'Data Set 2 - Vehicles'!$A$2:$A$158,'Data Set 2 - Vehicles'!$E$2:$E$158,"Not Found",0,1) -> Aurora | Q44: =IF(_xlfn.CONCAT(_xlfn.XLOOKUP(A44,'Data Set 2 - Vehicles'!$A$2:$A$158,'Data Set 2 - Vehicles'!$D$2:$D$158,"Not Found",0,1)," ",_xlfn.XLOOKUP(A44,'Data Set 2 - Vehicles'!$A$2:$A$158,'Data Set 2 - Vehicles'!$E$2:$E$158,"Not Found",0,1))="Not Found Not Found", "Not Found",_xlfn.CONCAT(_xlfn.XLOOKUP(A44,'Data Set 2 - Vehicles'!$A$2:$A$158,'Data Set 2 - Vehicles'!$D$2:$D$158,"Not Found",0,1)," ",_xlfn.XLOOKUP(A44,'Data Set 2 - Vehicles'!$A$2:$A$158,'Data Set 2 - Vehicles'!$E$2:$E$158,"Not Found",0,1))) -> Oldsmobile Aurora | R44: =_xlfn.XLOOKUP(A44,'Data Set 2 - Vehicles'!$A$2:$A$158,'Data Set 2 - Vehicles'!$O$2:$O$158,"",0,1) -> 43879 | S44: =IF(_xlfn.XLOOKUP(A44,'Data Set 2 - Vehicles'!$A$2:$A$158,'Data Set 2 - Vehicles'!$E$2:$E$158,"Has No Vehicle",0,-1)=P44,"Has Only One Vehicle",_xlfn.XLOOKUP(A44,'Data Set 2 - Vehicles'!$A$2:$A$158,'Data Set 2 - Vehicles'!$E$2:$E$158,"Has No Vehcile",0,-1)) -> Forester | T44: =_xlfn.LET(_xlpm.mfcname,_xlfn.XLOOKUP(A44,'Data Set 2 - Vehicles'!$A$2:$A$158,'Data Set 2 - Vehicles'!$D$2:$D$158,"NF",0,-1),_xlpm.mdlname,_xlfn.XLOOKUP(A44,'Data Set 2 - Vehicles'!$A$2:$A$158,'Data Set 2 - Vehicles'!$E$2:$E$158,"NF",0,-1),_xlpm.vehcilename,_xlfn.CONCAT(_xlpm.mfcname," ",_xlpm.mdlname),IF(S44="Has No Vehicle","Has No Vehicle",IF(S44="Has Only One Vehicle","Has Only One Vehicle",IF(_xlpm.vehcilename="NF NF","Not Found",_xlpm.vehcilename)))) -> Subaru Forester | U44: =_xlfn.LET(_xlpm.vserdate,_xlfn.XLOOKUP(A44,'Data Set 2 - Vehicles'!$A$2:$A$158,'Data Set 2 - Vehicles'!$O$2:$O$158,"NF",0,-1), IF(OR('Data Set 1'!S44="Has No Vehicle",'Data Set 1'!S44="Has Only One Vehicle"),'Data Set 1'!S44,_xlpm.vserdate)) -> 40796 | V44: =SUMIF('Data Set 2 - Vehicles'!$A$2:$A$158,'Data Set 1'!A44,'Data Set 2 - Vehicles'!$Q$2:$Q$158) -> 349278 | W44: =_xlfn.LET(_xlpm.maxdate,_xlfn.MAXIFS('Data Set 2 - Vehicles'!$O$2:$O$158,'Data Set 2 - Vehicles'!$A$2:$A$158,'Data Set 1'!A44),IF(_xlpm.maxdate=0,"",_xlpm.maxdate)) -> 43879 | X44: =IF(W44="","No Service Record", IF(W44<EDATE(TODAY(),-48),"InActive","Active")) -> InActive | Y44: =IF(tblCustomers[[#This Row],[total mileage]]=0,"Customer has No Car", IF(AND(tblCustomers[[#This Row],[total mileage]]>0,tblCustomers[[#This Row],[total mileage]]<=100000),"50K - 100K", IF(AND(tblCustomers[[#This Row],[total mileage]]>100000,tblCustomers[[#This Row],[total mileage]]<=200000),"100K-200K","Mileage>200k"))) -> Mileage>200k
A45: 1198 | D45: Eagle Software Inc | E45: 5384 Southwyck Blvd | F45: Douglasville | G45: GA | H45: 30135 | I45: =_xlfn.CONCAT(B45," ",C45) | J45: =IF(I45=" ",D45,I45) -> Eagle Software Inc | K45: =_xlfn.TEXTBEFORE(E45, " ") -> 5384 | L45: =VLOOKUP(A45,'Data Set 3 - Contacts'!$A$2:$F$136,5,FALSE) -> 7705078791 | M45: =VLOOKUP(A45,'Data Set 3 - Contacts'!$A$2:$F$136,6,FALSE) -> 7708024003 | N45: =VLOOKUP(A45,'Data Set 3 - Contacts'!$A$2:$F$136,4,FALSE) -> belen_strassner@aol.com | O45: =_xlfn.XLOOKUP(A45,'Data Set 2 - Vehicles'!$A$2:$A$158,'Data Set 2 - Vehicles'!$B$2:$B$158,0,0,-1) -> 2 | P45: =_xlfn.XLOOKUP(A45,'Data Set 2 - Vehicles'!$A$2:$A$158,'Data Set 2 - Vehicles'!$E$2:$E$158,"Not Found",0,1) -> 44809 | Q45: =IF(_xlfn.CONCAT(_xlfn.XLOOKUP(A45,'Data Set 2 - Vehicles'!$A$2:$A$158,'Data Set 2 - Vehicles'!$D$2:$D$158,"Not Found",0,1)," ",_xlfn.XLOOKUP(A45,'Data Set 2 - Vehicles'!$A$2:$A$158,'Data Set 2 - Vehicles'!$E$2:$E$158,"Not Found",0,1))="Not Found Not Found", "Not Found",_xlfn.CONCAT(_xlfn.XLOOKUP(A45,'Data Set 2 - Vehicles'!$A$2:$A$158,'Data Set 2 - Vehicles'!$D$2:$D$158,"Not Found",0,1)," ",_xlfn.XLOOKUP(A45,'Data Set 2 - Vehicles'!$A$2:$A$158,'Data Set 2 - Vehicles'!$E$2:$E$158,"Not Found",0,1))) -> Saab 44809 | R45: =_xlfn.XLOOKUP(A45,'Data Set 2 - Vehicles'!$A$2:$A$158,'Data Set 2 - Vehicles'!$O$2:$O$158,"",0,1) -> 38665 | S45: =IF(_xlfn.XLOOKUP(A45,'Data Set 2 - Vehicles'!$A$2:$A$158,'Data Set 2 - Vehicles'!$E$2:$E$158,"Has No Vehicle",0,-1)=P45,"Has Only One Vehicle",_xlfn.XLOOKUP(A45,'Data Set 2 - Vehicles'!$A$2:$A$158,'Data Set 2 - Vehicles'!$E$2:$E$158,"Has No Vehcile",0,-1)) -> S40 | T45: =_xlfn.LET(_xlpm.mfcname,_xlfn.XLOOKUP(A45,'Data Set 2 - Vehicles'!$A$2:$A$158,'Data Set 2 - Vehicles'!$D$2:$D$158,"NF",0,-1),_xlpm.mdlname,_xlfn.XLOOKUP(A45,'Data Set 2 - Vehicles'!$A$2:$A$158,'Data Set 2 - Vehicles'!$E$2:$E$158,"NF",0,-1),_xlpm.vehcilename,_xlfn.CONCAT(_xlpm.mfcname," ",_xlpm.mdlname),IF(S45="Has No Vehicle","Has No Vehicle",IF(S45="Has Only One Vehicle","Has Only One Vehicle",IF(_xlpm.vehcilename="NF NF","Not Found",_xlpm.vehcilename)))) -> Volvo S40 | U45: =_xlfn.LET(_xlpm.vserdate,_xlfn.XLOOKUP(A45,'Data Set 2 - Vehicles'!$A$2:$A$158,'Data Set 2 - Vehicles'!$O$2:$O$158,"NF",0,-1), IF(OR('Data Set 1'!S45="Has No Vehicle",'Data Set 1'!S45="Has Only One Vehicle"),'Data Set 1'!S45,_xlpm.vserdate)) -> 44245 | V45: =SUMIF('Data Set 2 - Vehicles'!$A$2:$A$158,'Data Set 1'!A45,'Data Set 2 - Vehicles'!$Q$2:$Q$158) -> 468246 | W45: =_xlfn.LET(_xlpm.maxdate,_xlfn.MAXIFS('Data Set 2 - Vehicles'!$O$2:$O$158,'Data Set 2 - Vehicles'!$A$2:$A$158,'Data Set 1'!A45),IF(_xlpm.maxdate=0,"",_xlpm.maxdate)) -> 44245 | X45: =IF(W45="","No Service Record", IF(W45<EDATE(TODAY(),-48),"InActive","Active")) -> InActive | Y45: =IF(tblCustomers[[#This Row],[total mileage]]=0,"Customer has No Car", IF(AND(tblCustomers[[#This Row],[total mileage]]>0,tblCustomers[[#This Row],[total mileage]]<=100000),"50K - 100K", IF(AND(tblCustomers[[#This Row],[total mileage]]>100000,tblCustomers[[#This Row],[total mileage]]<=200000),"100K-200K","Mileage>200k"))) -> Mileage>200k
A46: 1084 | B46: Dominque | C46: Dickerson | D46: E A I Electronic Assocs Inc | E46: 69 Marquette Ave | F46: Hayward | G46: CA | H46: 94545 | I46: =_xlfn.CONCAT(B46," ",C46) -> Dominque Dickerson | J46: =IF(I46=" ",D46,I46) -> Dominque Dickerson | K46: =_xlfn.TEXTBEFORE(E46, " ") -> 69 | L46: =VLOOKUP(A46,'Data Set 3 - Contacts'!$A$2:$F$136,5,FALSE) -> 5109933758 | M46: =VLOOKUP(A46,'Data Set 3 - Contacts'!$A$2:$F$136,6,FALSE) -> 5109017640 | N46: =VLOOKUP(A46,'Data Set 3 - Contacts'!$A$2:$F$136,4,FALSE) -> dominque.dickerson@dickerson.org | O46: =_xlfn.XLOOKUP(A46,'Data Set 2 - Vehicles'!$A$2:$A$158,'Data Set 2 - Vehicles'!$B$2:$B$158,0,0,-1) -> 2 | P46: =_xlfn.XLOOKUP(A46,'Data Set 2 - Vehicles'!$A$2:$A$158,'Data Set 2 - Vehicles'!$E$2:$E$158,"Not Found",0,1) -> A8 | Q46: =IF(_xlfn.CONCAT(_xlfn.XLOOKUP(A46,'Data Set 2 - Vehicles'!$A$2:$A$158,'Data Set 2 - Vehicles'!$D$2:$D$158,"Not Found",0,1)," ",_xlfn.XLOOKUP(A46,'Data Set 2 - Vehicles'!$A$2:$A$158,'Data Set 2 - Vehicles'!$E$2:$E$158,"Not Found",0,1))="Not Found Not Found", "Not Found",_xlfn.CONCAT(_xlfn.XLOOKUP(A46,'Data Set 2 - Vehicles'!$A$2:$A$158,'Data Set 2 - Vehicles'!$D$2:$D$158,"Not Found",0,1)," ",_xlfn.XLOOKUP(A46,'Data Set 2 - Vehicles'!$A$2:$A$158,'Data Set 2 - Vehicles'!$E$2:$E$158,"Not Found",0,1))) -> Audi A8 | R46: =_xlfn.XLOOKUP(A46,'Data Set 2 - Vehicles'!$A$2:$A$158,'Data Set 2 - Vehicles'!$O$2:$O$158,"",0,1) -> 39871 | S46: =IF(_xlfn.XLOOKUP(A46,'Data Set 2 - Vehicles'!$A$2:$A$158,'Data Set 2 - Vehicles'!$E$2:$E$158,"Has No Vehicle",0,-1)=P46,"Has Only One Vehicle",_xlfn.XLOOKUP(A46,'Data Set 2 - Vehicles'!$A$2:$A$158,'Data Set 2 - Vehicles'!$E$2:$E$158,"Has No Vehcile",0,-1)) -> Focus | T46: =_xlfn.LET(_xlpm.mfcname,_xlfn.XLOOKUP(A46,'Data Set 2 - Vehicles'!$A$2:$A$158,'Data Set 2 - Vehicles'!$D$2:$D$158,"NF",0,-1),_xlpm.mdlname,_xlfn.XLOOKUP(A46,'Data Set 2 - Vehicles'!$A$2:$A$158,'Data Set 2 - Vehicles'!$E$2:$E$158,"NF",0,-1),_xlpm.vehcilename,_xlfn.CONCAT(_xlpm.mfcname," ",_xlpm.mdlname),IF(S46="Has No Vehicle","Has No Vehicle",IF(S46="Has Only One Vehicle","Has Only One Vehicle",IF(_xlpm.vehcilename="NF NF","Not Found",_xlpm.vehcilename)))) -> Ford Focus | U46: =_xlfn.LET(_xlpm.vserdate,_xlfn.XLOOKUP(A46,'Data Set 2 - Vehicles'!$A$2:$A$158,'Data Set 2 - Vehicles'!$O$2:$O$158,"NF",0,-1), IF(OR('Data Set 1'!S46="Has No Vehicle",'Data Set 1'!S46="Has Only One Vehicle"),'Data Set 1'!S46,_xlpm.vserdate)) -> 44399 | V46: =SUMIF('Data Set 2 - Vehicles'!$A$2:$A$158,'Data Set 1'!A46,'Data Set 2 - Vehicles'!$Q$2:$Q$158) -> 497396 | W46: =_xlfn.LET(_xlpm.maxdate,_xlfn.MAXIFS('Data Set 2 - Vehicles'!$O$2:$O$158,'Data Set 2 - Vehicles'!$A$2:$A$158,'Data Set 1'!A46),IF(_xlpm.maxdate=0,"",_xlpm.maxdate)) -> 44399 | X46: =IF(W46="","No Service Record", IF(W46<EDATE(TODAY(),-48),"InActive","Active")) -> InActive | Y46: =IF(tblCustomers[[#This Row],[total mileage]]=0,"Customer has No Car", IF(AND(tblCustomers[[#This Row],[total mileage]]>0,tblCustomers[[#This Row],[total mileage]]<=100000),"50K - 100K", IF(AND(tblCustomers[[#This Row],[total mileage]]>100000,tblCustomers[[#This Row],[total mileage]]<=200000),"100K-200K","Mileage>200k"))) -> Mileage>200k
A47: 1345 | B47: Lashaunda | C47: Lizama | D47: Earnhardt Printing | E47: 3387 Ryan Dr | F47: Hanover | G47: MD | H47: 21076 | I47: =_xlfn.CONCAT(B47," ",C47) -> Lashaunda Lizama | J47: =IF(I47=" ",D47,I47) -> Lashaunda Lizama | K47: =_xlfn.TEXTBEFORE(E47, " ") -> 3387 | L47: =VLOOKUP(A47,'Data Set 3 - Contacts'!$A$2:$F$136,5,FALSE) -> 4106782473 | M47: =VLOOKUP(A47,'Data Set 3 - Contacts'!$A$2:$F$136,6,FALSE) -> 4109126032 | N47: =VLOOKUP(A47,'Data Set 3 - Contacts'!$A$2:$F$136,4,FALSE) -> llizama@cox.net | O47: =_xlfn.XLOOKUP(A47,'Data Set 2 - Vehicles'!$A$2:$A$158,'Data Set 2 - Vehicles'!$B$2:$B$158,0,0,-1) -> 1 | P47: =_xlfn.XLOOKUP(A47,'Data Set 2 - Vehicles'!$A$2:$A$158,'Data Set 2 - Vehicles'!$E$2:$E$158,"Not Found",0,1) -> Cavalier | Q47: =IF(_xlfn.CONCAT(_xlfn.XLOOKUP(A47,'Data Set 2 - Vehicles'!$A$2:$A$158,'Data Set 2 - Vehicles'!$D$2:$D$158,"Not Found",0,1)," ",_xlfn.XLOOKUP(A47,'Data Set 2 - Vehicles'!$A$2:$A$158,'Data Set 2 - Vehicles'!$E$2:$E$158,"Not Found",0,1))="Not Found Not Found", "Not Found",_xlfn.CONCAT(_xlfn.XLOOKUP(A47,'Data Set 2 - Vehicles'!$A$2:$A$158,'Data Set 2 - Vehicles'!$D$2:$D$158,"Not Found",0,1)," ",_xlfn.XLOOKUP(A47,'Data Set 2 - Vehicles'!$A$2:$A$158,'Data Set 2 - Vehicles'!$E$2:$E$158,"Not Found",0,1))) -> Chevrolet Cavalier | R47: =_xlfn.XLOOKUP(A47,'Data Set 2 - Vehicles'!$A$2:$A$158,'Data Set 2 - Vehicles'!$O$2:$O$158,"",0,1) -> 44790 | S47: =IF(_xlfn.XLOOKUP(A47,'Data Set 2 - Vehicles'!$A$2:$A$158,'Data Set 2 - Vehicles'!$E$2:$E$158,"Has No Vehicle",0,-1)=P47,"Has Only One Vehicle",_xlfn.XLOOKUP(A47,'Data Set 2 - Vehicles'!$A$2:$A$158,'Data Set 2 - Vehicles'!$E$2:$E$158,"Has No Vehcile",0,-1)) -> Has Only One Vehicle | T47: =_xlfn.LET(_xlpm.mfcname,_xlfn.XLOOKUP(A47,'Data Set 2 - Vehicles'!$A$2:$A$158,'Data Set 2 - Vehicles'!$D$2:$D$158,"NF",0,-1),_xlpm.mdlname,_xlfn.XLOOKUP(A47,'Data Set 2 - Vehicles'!$A$2:$A$158,'Data Set 2 - Vehicles'!$E$2:$E$158,"NF",0,-1),_xlpm.vehcilename,_xlfn.CONCAT(_xlpm.mfcname," ",_xlpm.mdlname),IF(S47="Has No Vehicle","Has No Vehicle",IF(S47="Has Only One Vehicle","Has Only One Vehicle",IF(_xlpm.vehcilename="NF NF","Not Found",_xlpm.vehcilename)))) -> Has Only One Vehicle | U47: =_xlfn.LET(_xlpm.vserdate,_xlfn.XLOOKUP(A47,'Data Set 2 - Vehicles'!$A$2:$A$158,'Data Set 2 - Vehicles'!$O$2:$O$158,"NF",0,-1), IF(OR('Data Set 1'!S47="Has No Vehicle",'Data Set 1'!S47="Has Only One Vehicle"),'Data Set 1'!S47,_xlpm.vserdate)) -> Has Only One Vehicle | V47: =SUMIF('Data Set 2 - Vehicles'!$A$2:$A$158,'Data Set 1'!A47,'Data Set 2 - Vehicles'!$Q$2:$Q$158) -> 234511 | W47: =_xlfn.LET(_xlpm.maxdate,_xlfn.MAXIFS('Data Set 2 - Vehicles'!$O$2:$O$158,'Data Set 2 - Vehicles'!$A$2:$A$158,'Data Set 1'!A47),IF(_xlpm.maxdate=0,"",_xlpm.maxdate)) -> 44790 | X47: =IF(W47="","No Service Record", IF(W47<EDATE(TODAY(),-48),"InActive","Active")) -> InActive | Y47: =IF(tblCustomers[[#This Row],[total mileage]]=0,"Customer has No Car", IF(AND(tblCustomers[[#This Row],[total mileage]]>0,tblCustomers[[#This Row],[total mileage]]<=100000),"50K - 100K", IF(AND(tblCustomers[[#This Row],[total mileage]]>100000,tblCustomers[[#This Row],[total mileage]]<=200000),"100K-200K","Mileage>200k"))) -> Mileage>200k
A48: 1040 | B48: Kati | C48: Rulapaugh | D48: Eder Assocs Consltng Engrs Pc | E48: 6980 Dorsett Rd | F48: Abilene | G48: KS | H48: 67410 | I48: =_xlfn.CONCAT(B48," ",C48) -> Kati Rulapaugh | J48: =IF(I48=" ",D48,I48) -> Kati Rulapaugh | K48: =_xlfn.TEXTBEFORE(E48, " ") -> 6980 | L48: =VLOOKUP(A48,'Data Set 3 - Contacts'!$A$2:$F$136,5,FALSE) -> 7854637829 | M48: =VLOOKUP(A48,'Data Set 3 - Contacts'!$A$2:$F$136,6,FALSE) -> 7852197724 | N48: =VLOOKUP(A48,'Data Set 3 - Contacts'!$A$2:$F$136,4,FALSE) -> kati.rulapaugh@hotmail.com | O48: =_xlfn.XLOOKUP(A48,'Data Set 2 - Vehicles'!$A$2:$A$158,'Data Set 2 - Vehicles'!$B$2:$B$158,0,0,-1) -> 2 | P48: =_xlfn.XLOOKUP(A48,'Data Set 2 - Vehicles'!$A$2:$A$158,'Data Set 2 - Vehicles'!$E$2:$E$158,"Not Found",0,1) -> Montana | Q48: =IF(_xlfn.CONCAT(_xlfn.XLOOKUP(A48,'Data Set 2 - Vehicles'!$A$2:$A$158,'Data Set 2 - Vehicles'!$D$2:$D$158,"Not Found",0,1)," ",_xlfn.XLOOKUP(A48,'Data Set 2 - Vehicles'!$A$2:$A$158,'Data Set 2 - Vehicles'!$E$2:$E$158,"Not Found",0,1))="Not Found Not Found", "Not Found",_xlfn.CONCAT(_xlfn.XLOOKUP(A48,'Data Set 2 - Vehicles'!$A$2:$A$158,'Data Set 2 - Vehicles'!$D$2:$D$158,"Not Found",0,1)," ",_xlfn.XLOOKUP(A48,'Data Set 2 - Vehicles'!$A$2:$A$158,'Data Set 2 - Vehicles'!$E$2:$E$158,"Not Found",0,1))) -> Pontiac Montana | R48: =_xlfn.XLOOKUP(A48,'Data Set 2 - Vehicles'!$A$2:$A$158,'Data Set 2 - Vehicles'!$O$2:$O$158,"",0,1) -> 38555 | S48: =IF(_xlfn.XLOOKUP(A48,'Data Set 2 - Vehicles'!$A$2:$A$158,'Data Set 2 - Vehicles'!$E$2:$E$158,"Has No Vehicle",0,-1)=P48,"Has Only One Vehicle",_xlfn.XLOOKUP(A48,'Data Set 2 - Vehicles'!$A$2:$A$158,'Data Set 2 - Vehicles'!$E$2:$E$158,"Has No Vehcile",0,-1)) -> Passat | T48: =_xlfn.LET(_xlpm.mfcname,_xlfn.XLOOKUP(A48,'Data Set 2 - Vehicles'!$A$2:$A$158,'Data Set 2 - Vehicles'!$D$2:$D$158,"NF",0,-1),_xlpm.mdlname,_xlfn.XLOOKUP(A48,'Data Set 2 - Vehicles'!$A$2:$A$158,'Data Set 2 - Vehicles'!$E$2:$E$158,"NF",0,-1),_xlpm.vehcilename,_xlfn.CONCAT(_xlpm.mfcname," ",_xlpm.mdlname),IF(S48="Has No Vehicle","Has No Vehicle",IF(S48="Has Only One Vehicle","Has Only One Vehicle",IF(_xlpm.vehcilename="NF NF","Not Found",_xlpm.vehcilename)))) -> Volkswagen Passat | U48: =_xlfn.LET(_xlpm.vserdate,_xlfn.XLOOKUP(A48,'Data Set 2 - Vehicles'!$A$2:$A$158,'Data Set 2 - Vehicles'!$O$2:$O$158,"NF",0,-1), IF(OR('Data Set 1'!S48="Has No Vehicle",'Data Set 1'!S48="Has Only One Vehicle"),'Data Set 1'!S48,_xlpm.vserdate)) -> 40481 | V48: =SUMIF('Data Set 2 - Vehicles'!$A$2:$A$158,'Data Set 1'!A48,'Data Set 2 - Vehicles'!$Q$2:$Q$158) -> 557728 | W48: =_xlfn.LET(_xlpm.maxdate,_xlfn.MAXIFS('Data Set 2 - Vehicles'!$O$2:$O$158,'Data Set 2 - Vehicles'!$A$2:$A$158,'Data Set 1'!A48),IF(_xlpm.maxdate=0,"",_xlpm.maxdate)) -> 40481 | X48: =IF(W48="","No Service Record", IF(W48<EDATE(TODAY(),-48),"InActive","Active")) -> InActive | Y48: =IF(tblCustomers[[#This Row],[total mileage]]=0,"Customer has No Car", IF(AND(tblCustomers[[#This Row],[total mileage]]>0,tblCustomers[[#This Row],[total mileage]]<=100000),"50K - 100K", IF(AND(tblCustomers[[#This Row],[total mileage]]>100000,tblCustomers[[#This Row],[total mileage]]<=200000),"100K-200K","Mileage>200k"))) -> Mileage>200k
A49: 1247 | D49: Edison Supply & Equipment Co | E49: 9 Vanowen St | F49: College Station | G49: TX | H49: 77840 | I49: =_xlfn.CONCAT(B49," ",C49) | J49: =IF(I49=" ",D49,I49) -> Edison Supply & Equipment Co | K49: =_xlfn.TEXTBEFORE(E49, " ") -> 9 | L49: =VLOOKUP(A49,'Data Set 3 - Contacts'!$A$2:$F$136,5,FALSE) -> 9797188968 | M49: =VLOOKUP(A49,'Data Set 3 - Contacts'!$A$2:$F$136,6,FALSE) | N49: =VLOOKUP(A49,'Data Set 3 - Contacts'!$A$2:$F$136,4,FALSE) -> mraymo@yahoo.com | O49: =_xlfn.XLOOKUP(A49,'Data Set 2 - Vehicles'!$A$2:$A$158,'Data Set 2 - Vehicles'!$B$2:$B$158,0,0,-1) -> 0 | P49: =_xlfn.XLOOKUP(A49,'Data Set 2 - Vehicles'!$A$2:$A$158,'Data Set 2 - Vehicles'!$E$2:$E$158,"Not Found",0,1) -> Not Found | Q49: =IF(_xlfn.CONCAT(_xlfn.XLOOKUP(A49,'Data Set 2 - Vehicles'!$A$2:$A$158,'Data Set 2 - Vehicles'!$D$2:$D$158,"Not Found",0,1)," ",_xlfn.XLOOKUP(A49,'Data Set 2 - Vehicles'!$A$2:$A$158,'Data Set 2 - Vehicles'!$E$2:$E$158,"Not Found",0,1))="Not Found Not Found", "Not Found",_xlfn.CONCAT(_xlfn.XLOOKUP(A49,'Data Set 2 - Vehicles'!$A$2:$A$158,'Data Set 2 - Vehicles'!$D$2:$D$158,"Not Found",0,1)," ",_xlfn.XLOOKUP(A49,'Data Set 2 - Vehicles'!$A$2:$A$158,'Data Set 2 - Vehicles'!$E$2:$E$158,"Not Found",0,1))) -> Not Found | R49: =_xlfn.XLOOKUP(A49,'Data Set 2 - Vehicles'!$A$2:$A$158,'Data Set 2 - Vehicles'!$O$2:$O$158,"",0,1) | S49: =IF(_xlfn.XLOOKUP(A49,'Data Set 2 - Vehicles'!$A$2:$A$158,'Data Set 2 - Vehicles'!$E$2:$E$158,"Has No Vehicle",0,-1)=P49,"Has Only One Vehicle",_xlfn.XLOOKUP(A49,'Data Set 2 - Vehicles'!$A$2:$A$158,'Data Set 2 - Vehicles'!$E$2:$E$158,"Has No Vehcile",0,-1)) -> Has No Vehcile | T49: =_xlfn.LET(_xlpm.mfcname,_xlfn.XLOOKUP(A49,'Data Set 2 - Vehicles'!$A$2:$A$158,'Data Set 2 - Vehicles'!$D$2:$D$158,"NF",0,-1),_xlpm.mdlname,_xlfn.XLOOKUP(A49,'Data Set 2 - Vehicles'!$A$2:$A$158,'Data Set 2 - Vehicles'!$E$2:$E$158,"NF",0,-1),_xlpm.vehcilename,_xlfn.CONCAT(_xlpm.mfcname," ",_xlpm.mdlname),IF(S49="Has No Vehicle","Has No Vehicle",IF(S49="Has Only One Vehicle","Has Only One Vehicle",IF(_xlpm.vehcilename="NF NF","Not Found",_xlpm.vehcilename)))) -> Not Found | U49: =_xlfn.LET(_xlpm.vserdate,_xlfn.XLOOKUP(A49,'Data Set 2 - Vehicles'!$A$2:$A$158,'Data Set 2 - Vehicles'!$O$2:$O$158,"NF",0,-1), IF(OR('Data Set 1'!S49="Has No Vehicle",'Data Set 1'!S49="Has Only One Vehicle"),'Data Set 1'!S49,_xlpm.vserdate)) -> NF | V49: =SUMIF('Data Set 2 - Vehicles'!$A$2:$A$158,'Data Set 1'!A49,'Data Set 2 - Vehicles'!$Q$2:$Q$158) -> 0 | W49: =_xlfn.LET(_xlpm.maxdate,_xlfn.MAXIFS('Data Set 2 - Vehicles'!$O$2:$O$158,'Data Set 2 - Vehicles'!$A$2:$A$158,'Data Set 1'!A49),IF(_xlpm.maxdate=0,"",_xlpm.maxdate)) | X49: =IF(W49="","No Service Record", IF(W49<EDATE(TODAY(),-48),"InActive","Active")) -> No Service Record | Y49: =IF(tblCustomers[[#This Row],[total mileage]]=0,"Customer has No Car", IF(AND(tblCustomers[[#This Row],[total mileage]]>0,tblCustomers[[#This Row],[total mileage]]<=100000),"50K - 100K", IF(AND(tblCustomers[[#This Row],[total mileage]]>100000,tblCustomers[[#This Row],[total mileage]]<=200000),"100K-200K","Mileage>200k"))) -> Customer has No Car
A50: 1158 | D50: Edward S Katz | E50: 501 N 19th Ave | F50: Cherry Hill | G50: NJ | H50: 8002 | I50: =_xlfn.CONCAT(B50," ",C50) | J50: =IF(I50=" ",D50,I50) -> Edward S Katz | K50: =_xlfn.TEXTBEFORE(E50, " ") -> 501 | L50: =VLOOKUP(A50,'Data Set 3 - Contacts'!$A$2:$F$136,5,FALSE) -> 8564875412 | M50: =VLOOKUP(A50,'Data Set 3 - Contacts'!$A$2:$F$136,6,FALSE) -> 8567023676 | N50: =VLOOKUP(A50,'Data Set 3 - Contacts'!$A$2:$F$136,4,FALSE) -> lizette.stem@aol.com | O50: =_xlfn.XLOOKUP(A50,'Data Set 2 - Vehicles'!$A$2:$A$158,'Data Set 2 - Vehicles'!$B$2:$B$158,0,0,-1) -> 1 | P50: =_xlfn.XLOOKUP(A50,'Data Set 2 - Vehicles'!$A$2:$A$158,'Data Set 2 - Vehicles'!$E$2:$E$158,"Not Found",0,1) -> Accent | Q50: =IF(_xlfn.CONCAT(_xlfn.XLOOKUP(A50,'Data Set 2 - Vehicles'!$A$2:$A$158,'Data Set 2 - Vehicles'!$D$2:$D$158,"Not Found",0,1)," ",_xlfn.XLOOKUP(A50,'Data Set 2 - Vehicles'!$A$2:$A$158,'Data Set 2 - Vehicles'!$E$2:$E$158,"Not Found",0,1))="Not Found Not Found", "Not Found",_xlfn.CONCAT(_xlfn.XLOOKUP(A50,'Data Set 2 - Vehicles'!$A$2:$A$158,'Data Set 2 - Vehicles'!$D$2:$D$158,"Not Found",0,1)," ",_xlfn.XLOOKUP(A50,'Data Set 2 - Vehicles'!$A$2:$A$158,'Data Set 2 - Vehicles'!$E$2:$E$158,"Not Found",0,1))) -> Hyundai Accent | R50: =_xlfn.XLOOKUP(A50,'Data Set 2 - Vehicles'!$A$2:$A$158,'Data Set 2 - Vehicles'!$O$2:$O$158,"",0,1) -> 41527 | S50: =IF(_xlfn.XLOOKUP(A50,'Data Set 2 - Vehicles'!$A$2:$A$158,'Data Set 2 - Vehicles'!$E$2:$E$158,"Has No Vehicle",0,-1)=P50,"Has Only One Vehicle",_xlfn.XLOOKUP(A50,'Data Set 2 - Vehicles'!$A$2:$A$158,'Data Set 2 - Vehicles'!$E$2:$E$158,"Has No Vehcile",0,-1)) -> Has Only One Vehicle | T50: =_xlfn.LET(_xlpm.mfcname,_xlfn.XLOOKUP(A50,'Data Set 2 - Vehicles'!$A$2:$A$158,'Data Set 2 - Vehicles'!$D$2:$D$158,"NF",0,-1),_xlpm.mdlname,_xlfn.XLOOKUP(A50,'Data Set 2 - Vehicles'!$A$2:$A$158,'Data Set 2 - Vehicles'!$E$2:$E$158,"NF",0,-1),_xlpm.vehcilename,_xlfn.CONCAT(_xlpm.mfcname," ",_xlpm.mdlname),IF(S50="Has No Vehicle","Has No Vehicle",IF(S50="Has Only One Vehicle","Has Only One Vehicle",IF(_xlpm.vehcilename="NF NF","Not Found",_xlpm.vehcilename)))) -> Has Only One Vehicle | U50: =_xlfn.LET(_xlpm.vserdate,_xlfn.XLOOKUP(A50,'Data Set 2 - Vehicles'!$A$2:$A$158,'Data Set 2 - Vehicles'!$O$2:$O$158,"NF",0,-1), IF(OR('Data Set 1'!S50="Has No Vehicle",'Data Set 1'!S50="Has Only One Vehicle"),'Data Set 1'!S50,_xlpm.vserdate)) -> Has Only One Vehicle | V50: =SUMIF('Data Set 2 - Vehicles'!$A$2:$A$158,'Data Set 1'!A50,'Data Set 2 - Vehicles'!$Q$2:$Q$158) -> 57719 | W50: =_xlfn.LET(_xlpm.maxdate,_xlfn.MAXIFS('Data Set 2 - Vehicles'!$O$2:$O$158,'Data Set 2 - Vehicles'!$A$2:$A$158,'Data Set 1'!A50),IF(_xlpm.maxdate=0,"",_xlpm.maxdate)) -> 41527 | X50: =IF(W50="","No Service Record", IF(W50<EDATE(TODAY(),-48),"InActive","Active")) -> InActive | Y50: =IF(tblCustomers[[#This Row],[total mileage]]=0,"Customer has No Car", IF(AND(tblCustomers[[#This Row],[total mileage]]>0,tblCustomers[[#This Row],[total mileage]]<=100000),"50K - 100K", IF(AND(tblCustomers[[#This Row],[total mileage]]>100000,tblCustomers[[#This Row],[total mileage]]<=200000),"100K-200K","Mileage>200k"))) -> 50K - 100K
A51: 1438 | B51: Caprice | C51: Suell | E51: 90177 N 55th Ave | F51: Nashville | G51: TN | H51: 37211 | I51: =_xlfn.CONCAT(B51," ",C51) -> Caprice Suell | J51: =IF(I51=" ",D51,I51) -> Caprice Suell | K51: =_xlfn.TEXTBEFORE(E51, " ") -> 90177 | L51: =VLOOKUP(A51,'Data Set 3 - Contacts'!$A$2:$F$136,5,FALSE) -> 6152461824 | M51: =VLOOKUP(A51,'Data Set 3 - Contacts'!$A$2:$F$136,6,FALSE) | N51: =VLOOKUP(A51,'Data Set 3 - Contacts'!$A$2:$F$136,4,FALSE) -> caprice@aol.com | O51: =_xlfn.XLOOKUP(A51,'Data Set 2 - Vehicles'!$A$2:$A$158,'Data Set 2 - Vehicles'!$B$2:$B$158,0,0,-1) -> 2 | P51: =_xlfn.XLOOKUP(A51,'Data Set 2 - Vehicles'!$A$2:$A$158,'Data Set 2 - Vehicles'!$E$2:$E$158,"Not Found",0,1) -> Avalon | Q51: =IF(_xlfn.CONCAT(_xlfn.XLOOKUP(A51,'Data Set 2 - Vehicles'!$A$2:$A$158,'Data Set 2 - Vehicles'!$D$2:$D$158,"Not Found",0,1)," ",_xlfn.XLOOKUP(A51,'Data Set 2 - Vehicles'!$A$2:$A$158,'Data Set 2 - Vehicles'!$E$2:$E$158,"Not Found",0,1))="Not Found Not Found", "Not Found",_xlfn.CONCAT(_xlfn.XLOOKUP(A51,'Data Set 2 - Vehicles'!$A$2:$A$158,'Data Set 2 - Vehicles'!$D$2:$D$158,"Not Found",0,1)," ",_xlfn.XLOOKUP(A51,'Data Set 2 - Vehicles'!$A$2:$A$158,'Data Set 2 - Vehicles'!$E$2:$E$158,"Not Found",0,1))) -> Toyota Avalon | R51: =_xlfn.XLOOKUP(A51,'Data Set 2 - Vehicles'!$A$2:$A$158,'Data Set 2 - Vehicles'!$O$2:$O$158,"",0,1) -> 39691 | S51: =IF(_xlfn.XLOOKUP(A51,'Data Set 2 - Vehicles'!$A$2:$A$158,'Data Set 2 - Vehicles'!$E$2:$E$158,"Has No Vehicle",0,-1)=P51,"Has Only One Vehicle",_xlfn.XLOOKUP(A51,'Data Set 2 - Vehicles'!$A$2:$A$158,'Data Set 2 - Vehicles'!$E$2:$E$158,"Has No Vehcile",0,-1)) -> Neon | T51: =_xlfn.LET(_xlpm.mfcname,_xlfn.XLOOKUP(A51,'Data Set 2 - Vehicles'!$A$2:$A$158,'Data Set 2 - Vehicles'!$D$2:$D$158,"NF",0,-1),_xlpm.mdlname,_xlfn.XLOOKUP(A51,'Data Set 2 - Vehicles'!$A$2:$A$158,'Data Set 2 - Vehicles'!$E$2:$E$158,"NF",0,-1),_xlpm.vehcilename,_xlfn.CONCAT(_xlpm.mfcname," ",_xlpm.mdlname),IF(S51="Has No Vehicle","Has No Vehicle",IF(S51="Has Only One Vehicle","Has Only One Vehicle",IF(_xlpm.vehcilename="NF NF","Not Found",_xlpm.vehcilename)))) -> Plymouth Neon | U51: =_xlfn.LET(_xlpm.vserdate,_xlfn.XLOOKUP(A51,'Data Set 2 - Vehicles'!$A$2:$A$158,'Data Set 2 - Vehicles'!$O$2:$O$158,"NF",0,-1), IF(OR('Data Set 1'!S51="Has No Vehicle",'Data Set 1'!S51="Has Only One Vehicle"),'Data Set 1'!S51,_xlpm.vserdate)) -> 42120 | V51: =SUMIF('Data Set 2 - Vehicles'!$A$2:$A$158,'Data Set 1'!A51,'Data Set 2 - Vehicles'!$Q$2:$Q$158) -> 288655 | W51: =_xlfn.LET(_xlpm.maxdate,_xlfn.MAXIFS('Data Set 2 - Vehicles'!$O$2:$O$158,'Data Set 2 - Vehicles'!$A$2:$A$158,'Data Set 1'!A51),IF(_xlpm.maxdate=0,"",_xlpm.maxdate)) -> 42120 | X51: =IF(W51="","No Service Record", IF(W51<EDATE(TODAY(),-48),"InActive","Active")) -> InActive | Y51: =IF(tblCustomers[[#This Row],[total mileage]]=0,"Customer has No Car", IF(AND(tblCustomers[[#This Row],[total mileage]]>0,tblCustomers[[#This Row],[total mileage]]<=100000),"50K - 100K", IF(AND(tblCustomers[[#This Row],[total mileage]]>100000,tblCustomers[[#This Row],[total mileage]]<=200000),"100K-200K","Mileage>200k"))) -> Mileage>200k
A52: 1137 | B52: Marti | C52: Maybury | E52: 4 Warehouse Point Rd #7 | F52: Chicago | G52: IL | H52: 60638 | I52: =_xlfn.CONCAT(B52," ",C52) -> Marti Maybury | J52: =IF(I52=" ",D52,I52) -> Marti Maybury | K52: =_xlfn.TEXTBEFORE(E52, " ") -> 4 | L52: =VLOOKUP(A52,'Data Set 3 - Contacts'!$A$2:$F$136,5,FALSE) -> 7737754522 | M52: =VLOOKUP(A52,'Data Set 3 - Contacts'!$A$2:$F$136,6,FALSE) -> 7735391058 | N52: =VLOOKUP(A52,'Data Set 3 - Contacts'!$A$2:$F$136,4,FALSE) -> marti.maybury@yahoo.com | O52: =_xlfn.XLOOKUP(A52,'Data Set 2 - Vehicles'!$A$2:$A$158,'Data Set 2 - Vehicles'!$B$2:$B$158,0,0,-1) -> 1 | P52: =_xlfn.XLOOKUP(A52,'Data Set 2 - Vehicles'!$A$2:$A$158,'Data Set 2 - Vehicles'!$E$2:$E$158,"Not Found",0,1) -> Montero Sport | Q52: =IF(_xlfn.CONCAT(_xlfn.XLOOKUP(A52,'Data Set 2 - Vehicles'!$A$2:$A$158,'Data Set 2 - Vehicles'!$D$2:$D$158,"Not Found",0,1)," ",_xlfn.XLOOKUP(A52,'Data Set 2 - Vehicles'!$A$2:$A$158,'Data Set 2 - Vehicles'!$E$2:$E$158,"Not Found",0,1))="Not Found Not Found", "Not Found",_xlfn.CONCAT(_xlfn.XLOOKUP(A52,'Data Set 2 - Vehicles'!$A$2:$A$158,'Data Set 2 - Vehicles'!$D$2:$D$158,"Not Found",0,1)," ",_xlfn.XLOOKUP(A52,'Data Set 2 - Vehicles'!$A$2:$A$158,'Data Set 2 - Vehicles'!$E$2:$E$158,"Not Found",0,1))) -> Mitsubishi Montero Sport | R52: =_xlfn.XLOOKUP(A52,'Data Set 2 - Vehicles'!$A$2:$A$158,'Data Set 2 - Vehicles'!$O$2:$O$158,"",0,1) -> 41047 | S52: =IF(_xlfn.XLOOKUP(A52,'Data Set 2 - Vehicles'!$A$2:$A$158,'Data Set 2 - Vehicles'!$E$2:$E$158,"Has No Vehicle",0,-1)=P52,"Has Only One Vehicle",_xlfn.XLOOKUP(A52,'Data Set 2 - Vehicles'!$A$2:$A$158,'Data Set 2 - Vehicles'!$E$2:$E$158,"Has No Vehcile",0,-1)) -> Has Only One Vehicle | T52: =_xlfn.LET(_xlpm.mfcname,_xlfn.XLOOKUP(A52,'Data Set 2 - Vehicles'!$A$2:$A$158,'Data Set 2 - Vehicles'!$D$2:$D$158,"NF",0,-1),_xlpm.mdlname,_xlfn.XLOOKUP(A52,'Data Set 2 - Vehicles'!$A$2:$A$158,'Data Set 2 - Vehicles'!$E$2:$E$158,"NF",0,-1),_xlpm.vehcilename,_xlfn.CONCAT(_xlpm.mfcname," ",_xlpm.mdlname),IF(S52="Has No Vehicle","Has No Vehicle",IF(S52="Has Only One Vehicle","Has Only One Vehicle",IF(_xlpm.vehcilename="NF NF","Not Found",_xlpm.vehcilename)))) -> Has Only One Vehicle | U52: =_xlfn.LET(_xlpm.vserdate,_xlfn.XLOOKUP(A52,'Data Set 2 - Vehicles'!$A$2:$A$158,'Data Set 2 - Vehicles'!$O$2:$O$158,"NF",0,-1), IF(OR('Data Set 1'!S52="Has No Vehicle",'Data Set 1'!S52="Has Only One Vehicle"),'Data Set 1'!S52,_xlpm.vserdate)) -> Has Only One Vehicle | V52: =SUMIF('Data Set 2 - Vehicles'!$A$2:$A$158,'Data Set 1'!A52,'Data Set 2 - Vehicles'!$Q$2:$Q$158) -> 184816 | W52: =_xlfn.LET(_xlpm.maxdate,_xlfn.MAXIFS('Data Set 2 - Vehicles'!$O$2:$O$158,'Data Set 2 - Vehicles'!$A$2:$A$158,'Data Set 1'!A52),IF(_xlpm.maxdate=0,"",_xlpm.maxdate)) -> 41047 | X52: =IF(W52="","No Service Record", IF(W52<EDATE(TODAY(),-48),"InActive","Active")) -> InActive | Y52: =IF(tblCustomers[[#This Row],[total mileage]]=0,"Customer has No Car", IF(AND(tblCustomers[[#This Row],[total mileage]]>0,tblCustomers[[#This Row],[total mileage]]<=100000),"50K - 100K", IF(AND(tblCustomers[[#This Row],[total mileage]]>100000,tblCustomers[[#This Row],[total mileage]]<=200000),"100K-200K","Mileage>200k"))) -> 100K-200K
A53: 1039 | D53: Fbs Business Finance | E53: 775 W 17th St | F53: San Antonio | G53: TX | H53: 78204 | I53: =_xlfn.CONCAT(B53," ",C53) | J53: =IF(I53=" ",D53,I53) -> Fbs Business Finance | K53: =_xlfn.TEXTBEFORE(E53, " ") -> 775 | L53: =VLOOKUP(A53,'Data Set 3 - Contacts'!$A$2:$F$136,5,FALSE) -> 2108129597 | M53: =VLOOKUP(A53,'Data Set 3 - Contacts'!$A$2:$F$136,6,FALSE) -> 2103006244 | N53: =VLOOKUP(A53,'Data Set 3 - Contacts'!$A$2:$F$136,4,FALSE) -> valentine_gillian@gmail.com | O53: =_xlfn.XLOOKUP(A53,'Data Set 2 - Vehicles'!$A$2:$A$158,'Data Set 2 - Vehicles'!$B$2:$B$158,0,0,-1) -> 1 | P53: =_xlfn.XLOOKUP(A53,'Data Set 2 - Vehicles'!$A$2:$A$158,'Data Set 2 - Vehicles'!$E$2:$E$158,"Not Found",0,1) -> Dakota | Q53: =IF(_xlfn.CONCAT(_xlfn.XLOOKUP(A53,'Data Set 2 - Vehicles'!$A$2:$A$158,'Data Set 2 - Vehicles'!$D$2:$D$158,"Not Found",0,1)," ",_xlfn.XLOOKUP(A53,'Data Set 2 - Vehicles'!$A$2:$A$158,'Data Set 2 - Vehicles'!$E$2:$E$158,"Not Found",0,1))="Not Found Not Found", "Not Found",_xlfn.CONCAT(_xlfn.XLOOKUP(A53,'Data Set 2 - Vehicles'!$A$2:$A$158,'Data Set 2 - Vehicles'!$D$2:$D$158,"Not Found",0,1)," ",_xlfn.XLOOKUP(A53,'Data Set 2 - Vehicles'!$A$2:$A$158,'Data Set 2 - Vehicles'!$E$2:$E$158,"Not Found",0,1))) -> Dodge Dakota | R53: =_xlfn.XLOOKUP(A53,'Data Set 2 - Vehicles'!$A$2:$A$158,'Data Set 2 - Vehicles'!$O$2:$O$158,"",0,1) -> 44525 | S53: =IF(_xlfn.XLOOKUP(A53,'Data Set 2 - Vehicles'!$A$2:$A$158,'Data Set 2 - Vehicles'!$E$2:$E$158,"Has No Vehicle",0,-1)=P53,"Has Only One Vehicle",_xlfn.XLOOKUP(A53,'Data Set 2 - Vehicles'!$A$2:$A$158,'Data Set 2 - Vehicles'!$E$2:$E$158,"Has No Vehcile",0,-1)) -> Has Only One Vehicle | T53: =_xlfn.LET(_xlpm.mfcname,_xlfn.XLOOKUP(A53,'Data Set 2 - Vehicles'!$A$2:$A$158,'Data Set 2 - Vehicles'!$D$2:$D$158,"NF",0,-1),_xlpm.mdlname,_xlfn.XLOOKUP(A53,'Data Set 2 - Vehicles'!$A$2:$A$158,'Data Set 2 - Vehicles'!$E$2:$E$158,"NF",0,-1),_xlpm.vehcilename,_xlfn.CONCAT(_xlpm.mfcname," ",_xlpm.mdlname),IF(S53="Has No Vehicle","Has No Vehicle",IF(S53="Has Only One Vehicle","Has Only One Vehicle",IF(_xlpm.vehcilename="NF NF","Not Found",_xlpm.vehcilename)))) -> Has Only One Vehicle | U53: =_xlfn.LET(_xlpm.vserdate,_xlfn.XLOOKUP(A53,'Data Set 2 - Vehicles'!$A$2:$A$158,'Data Set 2 - Vehicles'!$O$2:$O$158,"NF",0,-1), IF(OR('Data Set 1'!S53="Has No Vehicle",'Data Set 1'!S53="Has Only One Vehicle"),'Data Set 1'!S53,_xlpm.vserdate)) -> Has Only One Vehicle | V53: =SUMIF('Data Set 2 - Vehicles'!$A$2:$A$158,'Data Set 1'!A53,'Data Set 2 - Vehicles'!$Q$2:$Q$158) -> 59025 | W53: =_xlfn.LET(_xlpm.maxdate,_xlfn.MAXIFS('Data Set 2 - Vehicles'!$O$2:$O$158,'Data Set 2 - Vehicles'!$A$2:$A$158,'Data Set 1'!A53),IF(_xlpm.maxdate=0,"",_xlpm.maxdate)) -> 44525 | X53: =IF(W53="","No Service Record", IF(W53<EDATE(TODAY(),-48),"InActive","Active")) -> InActive | Y53: =IF(tblCustomers[[#This Row],[total mileage]]=0,"Customer has No Car", IF(AND(tblCustomers[[#This Row],[total mileage]]>0,tblCustomers[[#This Row],[total mileage]]<=100000),"50K - 100K", IF(AND(tblCustomers[[#This Row],[total mileage]]>100000,tblCustomers[[#This Row],[total mileage]]<=200000),"100K-200K","Mileage>200k"))) -> 50K - 100K
A54: 1004 | B54: Lenna | C54: Paprocki | D54: Feltz Printing Service | E54: 639 Main St | F54: Anchorage | G54: AK | H54: 99501 | I54: =_xlfn.CONCAT(B54," ",C54) -> Lenna Paprocki | J54: =IF(I54=" ",D54,I54) -> Lenna Paprocki | K54: =_xlfn.TEXTBEFORE(E54, " ") -> 639 | L54: =VLOOKUP(A54,'Data Set 3 - Contacts'!$A$2:$F$136,5,FALSE) -> 9073854412 | M54: =VLOOKUP(A54,'Data Set 3 - Contacts'!$A$2:$F$136,6,FALSE) | N54: =VLOOKUP(A54,'Data Set 3 - Contacts'!$A$2:$F$136,4,FALSE) -> lpaprocki@hotmail.com | O54: =_xlfn.XLOOKUP(A54,'Data Set 2 - Vehicles'!$A$2:$A$158,'Data Set 2 - Vehicles'!$B$2:$B$158,0,0,-1) -> 1 | P54: =_xlfn.XLOOKUP(A54,'Data Set 2 - Vehicles'!$A$2:$A$158,'Data Set 2 - Vehicles'!$E$2:$E$158,"Not Found",0,1) -> Seville | Q54: =IF(_xlfn.CONCAT(_xlfn.XLOOKUP(A54,'Data Set 2 - Vehicles'!$A$2:$A$158,'Data Set 2 - Vehicles'!$D$2:$D$158,"Not Found",0,1)," ",_xlfn.XLOOKUP(A54,'Data Set 2 - Vehicles'!$A$2:$A$158,'Data Set 2 - Vehicles'!$E$2:$E$158,"Not Found",0,1))="Not Found Not Found", "Not Found",_xlfn.CONCAT(_xlfn.XLOOKUP(A54,'Data Set 2 - Vehicles'!$A$2:$A$158,'Data Set 2 - Vehicles'!$D$2:$D$158,"Not Found",0,1)," ",_xlfn.XLOOKUP(A54,'Data Set 2 - Vehicles'!$A$2:$A$158,'Data Set 2 - Vehicles'!$E$2:$E$158,"Not Found",0,1))) -> Cadillac Seville | R54: =_xlfn.XLOOKUP(A54,'Data Set 2 - Vehicles'!$A$2:$A$158,'Data Set 2 - Vehicles'!$O$2:$O$158,"",0,1) -> 40662 | S54: =IF(_xlfn.XLOOKUP(A54,'Data Set 2 - Vehicles'!$A$2:$A$158,'Data Set 2 - Vehicles'!$E$2:$E$158,"Has No Vehicle",0,-1)=P54,"Has Only One Vehicle",_xlfn.XLOOKUP(A54,'Data Set 2 - Vehicles'!$A$2:$A$158,'Data Set 2 - Vehicles'!$E$2:$E$158,"Has No Vehcile",0,-1)) -> Has Only One Vehicle | T54: =_xlfn.LET(_xlpm.mfcname,_xlfn.XLOOKUP(A54,'Data Set 2 - Vehicles'!$A$2:$A$158,'Data Set 2 - Vehicles'!$D$2:$D$158,"NF",0,-1),_xlpm.mdlname,_xlfn.XLOOKUP(A54,'Data Set 2 - Vehicles'!$A$2:$A$158,'Data Set 2 - Vehicles'!$E$2:$E$158,"NF",0,-1),_xlpm.vehcilename,_xlfn.CONCAT(_xlpm.mfcname," ",_xlpm.mdlname),IF(S54="Has No Vehicle","Has No Vehicle",IF(S54="Has Only One Vehicle","Has Only One Vehicle",IF(_xlpm.vehcilename="NF NF","Not Found",_xlpm.vehcilename)))) -> Has Only One Vehicle | U54: =_xlfn.LET(_xlpm.vserdate,_xlfn.XLOOKUP(A54,'Data Set 2 - Vehicles'!$A$2:$A$158,'Data Set 2 - Vehicles'!$O$2:$O$158,"NF",0,-1), IF(OR('Data Set 1'!S54="Has No Vehicle",'Data Set 1'!S54="Has Only One Vehicle"),'Data Set 1'!S54,_xlpm.vserdate)) -> Has Only One Vehicle | V54: =SUMIF('Data Set 2 - Vehicles'!$A$2:$A$158,'Data Set 1'!A54,'Data Set 2 - Vehicles'!$Q$2:$Q$158) -> 117283 | W54: =_xlfn.LET(_xlpm.maxdate,_xlfn.MAXIFS('Data Set 2 - Vehicles'!$O$2:$O$158,'Data Set 2 - Vehicles'!$A$2:$A$158,'Data Set 1'!A54),IF(_xlpm.maxdate=0,"",_xlpm.maxdate)) -> 40662 | X54: =IF(W54="","No Service Record", IF(W54<EDATE(TODAY(),-48),"InActive","Active")) -> InActive | Y54: =IF(tblCustomers[[#This Row],[total mileage]]=0,"Customer has No Car", IF(AND(tblCustomers[[#This Row],[total mileage]]>0,tblCustomers[[#This Row],[total mileage]]<=100000),"50K - 100K", IF(AND(tblCustomers[[#This Row],[total mileage]]>100000,tblCustomers[[#This Row],[total mileage]]<=200000),"100K-200K","Mileage>200k"))) -> 100K-200K
A55: 1088 | B55: Lai | C55: Gato | E55: 37 Alabama Ave | F55: Evanston | G55: IL | H55: 60201 | I55: =_xlfn.CONCAT(B55," ",C55) -> Lai Gato | J55: =IF(I55=" ",D55,I55) -> Lai Gato | K55: =_xlfn.TEXTBEFORE(E55, " ") -> 37 | L55: =VLOOKUP(A55,'Data Set 3 - Contacts'!$A$2:$F$136,5,FALSE) -> 8477287286 | M55: =VLOOKUP(A55,'Data Set 3 - Contacts'!$A$2:$F$136,6,FALSE) -> 8479574614 | N55: =VLOOKUP(A55,'Data Set 3 - Contacts'!$A$2:$F$136,4,FALSE) -> lai.gato@gato.org | O55: =_xlfn.XLOOKUP(A55,'Data Set 2 - Vehicles'!$A$2:$A$158,'Data Set 2 - Vehicles'!$B$2:$B$158,0,0,-1) -> 1 | P55: =_xlfn.XLOOKUP(A55,'Data Set 2 - Vehicles'!$A$2:$A$158,'Data Set 2 - Vehicles'!$E$2:$E$158,"Not Found",0,1) -> Montero | Q55: =IF(_xlfn.CONCAT(_xlfn.XLOOKUP(A55,'Data Set 2 - Vehicles'!$A$2:$A$158,'Data Set 2 - Vehicles'!$D$2:$D$158,"Not Found",0,1)," ",_xlfn.XLOOKUP(A55,'Data Set 2 - Vehicles'!$A$2:$A$158,'Data Set 2 - Vehicles'!$E$2:$E$158,"Not Found",0,1))="Not Found Not Found", "Not Found",_xlfn.CONCAT(_xlfn.XLOOKUP(A55,'Data Set 2 - Vehicles'!$A$2:$A$158,'Data Set 2 - Vehicles'!$D$2:$D$158,"Not Found",0,1)," ",_xlfn.XLOOKUP(A55,'Data Set 2 - Vehicles'!$A$2:$A$158,'Data Set 2 - Vehicles'!$E$2:$E$158,"Not Found",0,1))) -> Mitsubishi Montero | R55: =_xlfn.XLOOKUP(A55,'Data Set 2 - Vehicles'!$A$2:$A$158,'Data Set 2 - Vehicles'!$O$2:$O$158,"",0,1) -> 43117 | S55: =IF(_xlfn.XLOOKUP(A55,'Data Set 2 - Vehicles'!$A$2:$A$158,'Data Set 2 - Vehicles'!$E$2:$E$158,"Has No Vehicle",0,-1)=P55,"Has Only One Vehicle",_xlfn.XLOOKUP(A55,'Data Set 2 - Vehicles'!$A$2:$A$158,'Data Set 2 - Vehicles'!$E$2:$E$158,"Has No Vehcile",0,-1)) -> Has Only One Vehicle | T55: =_xlfn.LET(_xlpm.mfcname,_xlfn.XLOOKUP(A55,'Data Set 2 - Vehicles'!$A$2:$A$158,'Data Set 2 - Vehicles'!$D$2:$D$158,"NF",0,-1),_xlpm.mdlname,_xlfn.XLOOKUP(A55,'Data Set 2 - Vehicles'!$A$2:$A$158,'Data Set 2 - Vehicles'!$E$2:$E$158,"NF",0,-1),_xlpm.vehcilename,_xlfn.CONCAT(_xlpm.mfcname," ",_xlpm.mdlname),IF(S55="Has No Vehicle","Has No Vehicle",IF(S55="Has Only One Vehicle","Has Only One Vehicle",IF(_xlpm.vehcilename="NF NF","Not Found",_xlpm.vehcilename)))) -> Has Only One Vehicle | U55: =_xlfn.LET(_xlpm.vserdate,_xlfn.XLOOKUP(A55,'Data Set 2 - Vehicles'!$A$2:$A$158,'Data Set 2 - Vehicles'!$O$2:$O$158,"NF",0,-1), IF(OR('Data Set 1'!S55="Has No Vehicle",'Data Set 1'!S55="Has Only One Vehicle"),'Data Set 1'!S55,_xlpm.vserdate)) -> Has Only One Vehicle | V55: =SUMIF('Data Set 2 - Vehicles'!$A$2:$A$158,'Data Set 1'!A55,'Data Set 2 - Vehicles'!$Q$2:$Q$158) -> 101713 | W55: =_xlfn.LET(_xlpm.maxdate,_xlfn.MAXIFS('Data Set 2 - Vehicles'!$O$2:$O$158,'Data Set 2 - Vehicles'!$A$2:$A$158,'Data Set 1'!A55),IF(_xlpm.maxdate=0,"",_xlpm.maxdate)) -> 43117 | X55: =IF(W55="","No Service Record", IF(W55<EDATE(TODAY(),-48),"InActive","Active")) -> InActive | Y55: =IF(tblCustomers[[#This Row],[total mileage]]=0,"Customer has No Car", IF(AND(tblCustomers[[#This Row],[total mileage]]>0,tblCustomers[[#This Row],[total mileage]]<=100000),"50K - 100K", IF(AND(tblCustomers[[#This Row],[total mileage]]>100000,tblCustomers[[#This Row],[total mileage]]<=200000),"100K-200K","Mileage>200k"))) -> 100K-200K
A56: 1024 | B56: Maryann | C56: Royster | E56: 74 S Westgate St | F56: Albany | G56: NY | H56: 12204 | I56: =_xlfn.CONCAT(B56," ",C56) -> Maryann Royster | J56: =IF(I56=" ",D56,I56) -> Maryann Royster | K56: =_xlfn.TEXTBEFORE(E56, " ") -> 74 | L56: =VLOOKUP(A56,'Data Set 3 - Contacts'!$A$2:$F$136,5,FALSE) -> 5189667987 | M56: =VLOOKUP(A56,'Data Set 3 - Contacts'!$A$2:$F$136,6,FALSE) | N56: =VLOOKUP(A56,'Data Set 3 - Contacts'!$A$2:$F$136,4,FALSE) -> mroyster@royster.com | O56: =_xlfn.XLOOKUP(A56,'Data Set 2 - Vehicles'!$A$2:$A$158,'Data Set 2 - Vehicles'!$B$2:$B$158,0,0,-1) -> 2 | P56: =_xlfn.XLOOKUP(A56,'Data Set 2 - Vehicles'!$A$2:$A$158,'Data Set 2 - Vehicles'!$E$2:$E$158,"Not Found",0,1) -> Regal | Q56: =IF(_xlfn.CONCAT(_xlfn.XLOOKUP(A56,'Data Set 2 - Vehicles'!$A$2:$A$158,'Data Set 2 - Vehicles'!$D$2:$D$158,"Not Found",0,1)," ",_xlfn.XLOOKUP(A56,'Data Set 2 - Vehicles'!$A$2:$A$158,'Data Set 2 - Vehicles'!$E$2:$E$158,"Not Found",0,1))="Not Found Not Found", "Not Found",_xlfn.CONCAT(_xlfn.XLOOKUP(A56,'Data Set 2 - Vehicles'!$A$2:$A$158,'Data Set 2 - Vehicles'!$D$2:$D$158,"Not Found",0,1)," ",_xlfn.XLOOKUP(A56,'Data Set 2 - Vehicles'!$A$2:$A$158,'Data Set 2 - Vehicles'!$E$2:$E$158,"Not Found",0,1))) -> Buick Regal | R56: =_xlfn.XLOOKUP(A56,'Data Set 2 - Vehicles'!$A$2:$A$158,'Data Set 2 - Vehicles'!$O$2:$O$158,"",0,1) -> 45172 | S56: =IF(_xlfn.XLOOKUP(A56,'Data Set 2 - Vehicles'!$A$2:$A$158,'Data Set 2 - Vehicles'!$E$2:$E$158,"Has No Vehicle",0,-1)=P56,"Has Only One Vehicle",_xlfn.XLOOKUP(A56,'Data Set 2 - Vehicles'!$A$2:$A$158,'Data Set 2 - Vehicles'!$E$2:$E$158,"Has No Vehcile",0,-1)) -> Ranger | T56: =_xlfn.LET(_xlpm.mfcname,_xlfn.XLOOKUP(A56,'Data Set 2 - Vehicles'!$A$2:$A$158,'Data Set 2 - Vehicles'!$D$2:$D$158,"NF",0,-1),_xlpm.mdlname,_xlfn.XLOOKUP(A56,'Data Set 2 - Vehicles'!$A$2:$A$158,'Data Set 2 - Vehicles'!$E$2:$E$158,"NF",0,-1),_xlpm.vehcilename,_xlfn.CONCAT(_xlpm.mfcname," ",_xlpm.mdlname),IF(S56="Has No Vehicle","Has No Vehicle",IF(S56="Has Only One Vehicle","Has Only One Vehicle",IF(_xlpm.vehcilename="NF NF","Not Found",_xlpm.vehcilename)))) -> Ford Ranger | U56: =_xlfn.LET(_xlpm.vserdate,_xlfn.XLOOKUP(A56,'Data Set 2 - Vehicles'!$A$2:$A$158,'Data Set 2 - Vehicles'!$O$2:$O$158,"NF",0,-1), IF(OR('Data Set 1'!S56="Has No Vehicle",'Data Set 1'!S56="Has Only One Vehicle"),'Data Set 1'!S56,_xlpm.vserdate)) -> 40557 | V56: =SUMIF('Data Set 2 - Vehicles'!$A$2:$A$158,'Data Set 1'!A56,'Data Set 2 - Vehicles'!$Q$2:$Q$158) -> 456490 | W56: =_xlfn.LET(_xlpm.maxdate,_xlfn.MAXIFS('Data Set 2 - Vehicles'!$O$2:$O$158,'Data Set 2 - Vehicles'!$A$2:$A$158,'Data Set 1'!A56),IF(_xlpm.maxdate=0,"",_xlpm.maxdate)) -> 45172 | X56: =IF(W56="","No Service Record", IF(W56<EDATE(TODAY(),-48),"InActive","Active")) -> Active | Y56: =IF(tblCustomers[[#This Row],[total mileage]]=0,"Customer has No Car", IF(AND(tblCustomers[[#This Row],[total mileage]]>0,tblCustomers[[#This Row],[total mileage]]<=100000),"50K - 100K", IF(AND(tblCustomers[[#This Row],[total mileage]]>100000,tblCustomers[[#This Row],[total mileage]]<=200000),"100K-200K","Mileage>200k"))) -> Mileage>200k
A57: 1468 | D57: Fresno Tile Center Inc | E57: 21575 S Apple Creek Rd | F57: Omaha | G57: NE | H57: 68124 | I57: =_xlfn.CONCAT(B57," ",C57) | J57: =IF(I57=" ",D57,I57) -> Fresno Tile Center Inc | K57: =_xlfn.TEXTBEFORE(E57, " ") -> 21575 | L57: =VLOOKUP(A57,'Data Set 3 - Contacts'!$A$2:$F$136,5,FALSE) -> 4028965943 | M57: =VLOOKUP(A57,'Data Set 3 - Contacts'!$A$2:$F$136,6,FALSE) | N57: =VLOOKUP(A57,'Data Set 3 - Contacts'!$A$2:$F$136,4,FALSE) -> colette.kardas@yahoo.com | O57: =_xlfn.XLOOKUP(A57,'Data Set 2 - Vehicles'!$A$2:$A$158,'Data Set 2 - Vehicles'!$B$2:$B$158,0,0,-1) -> 2 | P57: =_xlfn.XLOOKUP(A57,'Data Set 2 - Vehicles'!$A$2:$A$158,'Data Set 2 - Vehicles'!$E$2:$E$158,"Not Found",0,1) -> SL | Q57: =IF(_xlfn.CONCAT(_xlfn.XLOOKUP(A57,'Data Set 2 - Vehicles'!$A$2:$A$158,'Data Set 2 - Vehicles'!$D$2:$D$158,"Not Found",0,1)," ",_xlfn.XLOOKUP(A57,'Data Set 2 - Vehicles'!$A$2:$A$158,'Data Set 2 - Vehicles'!$E$2:$E$158,"Not Found",0,1))="Not Found Not Found", "Not Found",_xlfn.CONCAT(_xlfn.XLOOKUP(A57,'Data Set 2 - Vehicles'!$A$2:$A$158,'Data Set 2 - Vehicles'!$D$2:$D$158,"Not Found",0,1)," ",_xlfn.XLOOKUP(A57,'Data Set 2 - Vehicles'!$A$2:$A$158,'Data Set 2 - Vehicles'!$E$2:$E$158,"Not Found",0,1))) -> Saturn SL | R57: =_xlfn.XLOOKUP(A57,'Data Set 2 - Vehicles'!$A$2:$A$158,'Data Set 2 - Vehicles'!$O$2:$O$158,"",0,1) -> 42598 | S57: =IF(_xlfn.XLOOKUP(A57,'Data Set 2 - Vehicles'!$A$2:$A$158,'Data Set 2 - Vehicles'!$E$2:$E$158,"Has No Vehicle",0,-1)=P57,"Has Only One Vehicle",_xlfn.XLOOKUP(A57,'Data Set 2 - Vehicles'!$A$2:$A$158,'Data Set 2 - Vehicles'!$E$2:$E$158,"Has No Vehcile",0,-1)) -> S70 | T57: =_xlfn.LET(_xlpm.mfcname,_xlfn.XLOOKUP(A57,'Data Set 2 - Vehicles'!$A$2:$A$158,'Data Set 2 - Vehicles'!$D$2:$D$158,"NF",0,-1),_xlpm.mdlname,_xlfn.XLOOKUP(A57,'Data Set 2 - Vehicles'!$A$2:$A$158,'Data Set 2 - Vehicles'!$E$2:$E$158,"NF",0,-1),_xlpm.vehcilename,_xlfn.CONCAT(_xlpm.mfcname," ",_xlpm.mdlname),IF(S57="Has No Vehicle","Has No Vehicle",IF(S57="Has Only One Vehicle","Has Only One Vehicle",IF(_xlpm.vehcilename="NF NF","Not Found",_xlpm.vehcilename)))) -> Volvo S70 | U57: =_xlfn.LET(_xlpm.vserdate,_xlfn.XLOOKUP(A57,'Data Set 2 - Vehicles'!$A$2:$A$158,'Data Set 2 - Vehicles'!$O$2:$O$158,"NF",0,-1), IF(OR('Data Set 1'!S57="Has No Vehicle",'Data Set 1'!S57="Has Only One Vehicle"),'Data Set 1'!S57,_xlpm.vserdate)) -> 41967 | V57: =SUMIF('Data Set 2 - Vehicles'!$A$2:$A$158,'Data Set 1'!A57,'Data Set 2 - Vehicles'!$Q$2:$Q$158) -> 322944 | W57: =_xlfn.LET(_xlpm.maxdate,_xlfn.MAXIFS('Data Set 2 - Vehicles'!$O$2:$O$158,'Data Set 2 - Vehicles'!$A$2:$A$158,'Data Set 1'!A57),IF(_xlpm.maxdate=0,"",_xlpm.maxdate)) -> 42598 | X57: =IF(W57="","No Service Record", IF(W57<EDATE(TODAY(),-48),"InActive","Active")) -> InActive | Y57: =IF(tblCustomers[[#This Row],[total mileage]]=0,"Customer has No Car", IF(AND(tblCustomers[[#This Row],[total mileage]]>0,tblCustomers[[#This Row],[total mileage]]<=100000),"50K - 100K", IF(AND(tblCustomers[[#This Row],[total mileage]]>100000,tblCustomers[[#This Row],[total mileage]]<=200000),"100K-200K","Mileage>200k"))) -> Mileage>200k
A58: 1081 | D58: Garrison Ind | E58: 31 Douglas Blvd #950 | F58: Clovis | G58: NM | H58: 88101 | I58: =_xlfn.CONCAT(B58," ",C58) | J58: =IF(I58=" ",D58,I58) -> Garrison Ind | K58: =_xlfn.TEXTBEFORE(E58, " ") -> 31 | L58: =VLOOKUP(A58,'Data Set 3 - Contacts'!$A$2:$F$136,5,FALSE) -> 5059758559 | M58: =VLOOKUP(A58,'Data Set 3 - Contacts'!$A$2:$F$136,6,FALSE) -> 5059501763 | N58: =VLOOKUP(A58,'Data Set 3 - Contacts'!$A$2:$F$136,4,FALSE) -> devorah@hotmail.com | O58: =_xlfn.XLOOKUP(A58,'Data Set 2 - Vehicles'!$A$2:$A$158,'Data Set 2 - Vehicles'!$B$2:$B$158,0,0,-1) -> 1 | P58: =_xlfn.XLOOKUP(A58,'Data Set 2 - Vehicles'!$A$2:$A$158,'Data Set 2 - Vehicles'!$E$2:$E$158,"Not Found",0,1) -> S-Class | Q58: =IF(_xlfn.CONCAT(_xlfn.XLOOKUP(A58,'Data Set 2 - Vehicles'!$A$2:$A$158,'Data Set 2 - Vehicles'!$D$2:$D$158,"Not Found",0,1)," ",_xlfn.XLOOKUP(A58,'Data Set 2 - Vehicles'!$A$2:$A$158,'Data Set 2 - Vehicles'!$E$2:$E$158,"Not Found",0,1))="Not Found Not Found", "Not Found",_xlfn.CONCAT(_xlfn.XLOOKUP(A58,'Data Set 2 - Vehicles'!$A$2:$A$158,'Data Set 2 - Vehicles'!$D$2:$D$158,"Not Found",0,1)," ",_xlfn.XLOOKUP(A58,'Data Set 2 - Vehicles'!$A$2:$A$158,'Data Set 2 - Vehicles'!$E$2:$E$158,"Not Found",0,1))) -> Mercedes-B S-Class | R58: =_xlfn.XLOOKUP(A58,'Data Set 2 - Vehicles'!$A$2:$A$158,'Data Set 2 - Vehicles'!$O$2:$O$158,"",0,1) -> 45090 | S58: =IF(_xlfn.XLOOKUP(A58,'Data Set 2 - Vehicles'!$A$2:$A$158,'Data Set 2 - Vehicles'!$E$2:$E$158,"Has No Vehicle",0,-1)=P58,"Has Only One Vehicle",_xlfn.XLOOKUP(A58,'Data Set 2 - Vehicles'!$A$2:$A$158,'Data Set 2 - Vehicles'!$E$2:$E$158,"Has No Vehcile",0,-1)) -> Has Only One Vehicle | T58: =_xlfn.LET(_xlpm.mfcname,_xlfn.XLOOKUP(A58,'Data Set 2 - Vehicles'!$A$2:$A$158,'Data Set 2 - Vehicles'!$D$2:$D$158,"NF",0,-1),_xlpm.mdlname,_xlfn.XLOOKUP(A58,'Data Set 2 - Vehicles'!$A$2:$A$158,'Data Set 2 - Vehicles'!$E$2:$E$158,"NF",0,-1),_xlpm.vehcilename,_xlfn.CONCAT(_xlpm.mfcname," ",_xlpm.mdlname),IF(S58="Has No Vehicle","Has No Vehicle",IF(S58="Has Only One Vehicle","Has Only One Vehicle",IF(_xlpm.vehcilename="NF NF","Not Found",_xlpm.vehcilename)))) -> Has Only One Vehicle | U58: =_xlfn.LET(_xlpm.vserdate,_xlfn.XLOOKUP(A58,'Data Set 2 - Vehicles'!$A$2:$A$158,'Data Set 2 - Vehicles'!$O$2:$O$158,"NF",0,-1), IF(OR('Data Set 1'!S58="Has No Vehicle",'Data Set 1'!S58="Has Only One Vehicle"),'Data Set 1'!S58,_xlpm.vserdate)) -> Has Only One Vehicle | V58: =SUMIF('Data Set 2 - Vehicles'!$A$2:$A$158,'Data Set 1'!A58,'Data Set 2 - Vehicles'!$Q$2:$Q$158) -> 252177 | W58: =_xlfn.LET(_xlpm.maxdate,_xlfn.MAXIFS('Data Set 2 - Vehicles'!$O$2:$O$158,'Data Set 2 - Vehicles'!$A$2:$A$158,'Data Set 1'!A58),IF(_xlpm.maxdate=0,"",_xlpm.maxdate)) -> 45090 | X58: =IF(W58="","No Service Record", IF(W58<EDATE(TODAY(),-48),"InActive","Active")) -> Active | Y58: =IF(tblCustomers[[#This Row],[total mileage]]=0,"Customer has No Car", IF(AND(tblCustomers[[#This Row],[total mileage]]>0,tblCustomers[[#This Row],[total mileage]]<=100000),"50K - 100K", IF(AND(tblCustomers[[#This Row],[total mileage]]>100000,tblCustomers[[#This Row],[total mileage]]<=200000),"100K-200K","Mileage>200k"))) -> Mileage>200k
A59: 1339 | B59: Kaitlyn | C59: Ogg | E59: 2 S Biscayne Blvd | F59: Baltimore | G59: MD | H59: 21230 | I59: =_xlfn.CONCAT(B59," ",C59) -> Kaitlyn Ogg | J59: =IF(I59=" ",D59,I59) -> Kaitlyn Ogg | K59: =_xlfn.TEXTBEFORE(E59, " ") -> 2 | L59: =VLOOKUP(A59,'Data Set 3 - Contacts'!$A$2:$F$136,5,FALSE) -> 4106654903 | M59: =VLOOKUP(A59,'Data Set 3 - Contacts'!$A$2:$F$136,6,FALSE) -> 4107733862 | N59: =VLOOKUP(A59,'Data Set 3 - Contacts'!$A$2:$F$136,4,FALSE) -> kaitlyn.ogg@gmail.com | O59: =_xlfn.XLOOKUP(A59,'Data Set 2 - Vehicles'!$A$2:$A$158,'Data Set 2 - Vehicles'!$B$2:$B$158,0,0,-1) -> 1 | P59: =_xlfn.XLOOKUP(A59,'Data Set 2 - Vehicles'!$A$2:$A$158,'Data Set 2 - Vehicles'!$E$2:$E$158,"Not Found",0,1) -> Concorde | Q59: =IF(_xlfn.CONCAT(_xlfn.XLOOKUP(A59,'Data Set 2 - Vehicles'!$A$2:$A$158,'Data Set 2 - Vehicles'!$D$2:$D$158,"Not Found",0,1)," ",_xlfn.XLOOKUP(A59,'Data Set 2 - Vehicles'!$A$2:$A$158,'Data Set 2 - Vehicles'!$E$2:$E$158,"Not Found",0,1))="Not Found Not Found", "Not Found",_xlfn.CONCAT(_xlfn.XLOOKUP(A59,'Data Set 2 - Vehicles'!$A$2:$A$158,'Data Set 2 - Vehicles'!$D$2:$D$158,"Not Found",0,1)," ",_xlfn.XLOOKUP(A59,'Data Set 2 - Vehicles'!$A$2:$A$158,'Data Set 2 - Vehicles'!$E$2:$E$158,"Not Found",0,1))) -> Chrysler Concorde | R59: =_xlfn.XLOOKUP(A59,'Data Set 2 - Vehicles'!$A$2:$A$158,'Data Set 2 - Vehicles'!$O$2:$O$158,"",0,1) -> 39239 | S59: =IF(_xlfn.XLOOKUP(A59,'Data Set 2 - Vehicles'!$A$2:$A$158,'Data Set 2 - Vehicles'!$E$2:$E$158,"Has No Vehicle",0,-1)=P59,"Has Only One Vehicle",_xlfn.XLOOKUP(A59,'Data Set 2 - Vehicles'!$A$2:$A$158,'Data Set 2 - Vehicles'!$E$2:$E$158,"Has No Vehcile",0,-1)) -> Has Only One Vehicle | T59: =_xlfn.LET(_xlpm.mfcname,_xlfn.XLOOKUP(A59,'Data Set 2 - Vehicles'!$A$2:$A$158,'Data Set 2 - Vehicles'!$D$2:$D$158,"NF",0,-1),_xlpm.mdlname,_xlfn.XLOOKUP(A59,'Data Set 2 - Vehicles'!$A$2:$A$158,'Data Set 2 - Vehicles'!$E$2:$E$158,"NF",0,-1),_xlpm.vehcilename,_xlfn.CONCAT(_xlpm.mfcname," ",_xlpm.mdlname),IF(S59="Has No Vehicle","Has No Vehicle",IF(S59="Has Only One Vehicle","Has Only One Vehicle",IF(_xlpm.vehcilename="NF NF","Not Found",_xlpm.vehcilename)))) -> Has Only One Vehicle | U59: =_xlfn.LET(_xlpm.vserdate,_xlfn.XLOOKUP(A59,'Data Set 2 - Vehicles'!$A$2:$A$158,'Data Set 2 - Vehicles'!$O$2:$O$158,"NF",0,-1), IF(OR('Data Set 1'!S59="Has No Vehicle",'Data Set 1'!S59="Has Only One Vehicle"),'Data Set 1'!S59,_xlpm.vserdate)) -> Has Only One Vehicle | V59: =SUMIF('Data Set 2 - Vehicles'!$A$2:$A$158,'Data Set 1'!A59,'Data Set 2 - Vehicles'!$Q$2:$Q$158) -> 145013 | W59: =_xlfn.LET(_xlpm.maxdate,_xlfn.MAXIFS('Data Set 2 - Vehicles'!$O$2:$O$158,'Data Set 2 - Vehicles'!$A$2:$A$158,'Data Set 1'!A59),IF(_xlpm.maxdate=0,"",_xlpm.maxdate)) -> 39239 | X59: =IF(W59="","No Service Record", IF(W59<EDATE(TODAY(),-48),"InActive","Active")) -> InActive | Y59: =IF(tblCustomers[[#This Row],[total mileage]]=0,"Customer has No Car", IF(AND(tblCustomers[[#This Row],[total mileage]]>0,tblCustomers[[#This Row],[total mileage]]<=100000),"50K - 100K", IF(AND(tblCustomers[[#This Row],[total mileage]]>100000,tblCustomers[[#This Row],[total mileage]]<=200000),"100K-200K","Mileage>200k"))) -> 100K-200K
A60: 1310 | D60: General Foam Corporation | E60: 596 Santa Maria Ave #7913 | F60: Mesquite | G60: TX | H60: 75150 | I60: =_xlfn.CONCAT(B60," ",C60) | J60: =IF(I60=" ",D60,I60) -> General Foam Corporation | K60: =_xlfn.TEXTBEFORE(E60, " ") -> 596 | L60: =VLOOKUP(A60,'Data Set 3 - Contacts'!$A$2:$F$136,5,FALSE) -> 9724197946 | M60: =VLOOKUP(A60,'Data Set 3 - Contacts'!$A$2:$F$136,6,FALSE) | N60: =VLOOKUP(A60,'Data Set 3 - Contacts'!$A$2:$F$136,4,FALSE) -> amie.perigo@yahoo.com | O60: =_xlfn.XLOOKUP(A60,'Data Set 2 - Vehicles'!$A$2:$A$158,'Data Set 2 - Vehicles'!$B$2:$B$158,0,0,-1) -> 1 | P60: =_xlfn.XLOOKUP(A60,'Data Set 2 - Vehicles'!$A$2:$A$158,'Data Set 2 - Vehicles'!$E$2:$E$158,"Not Found",0,1) -> Altima | Q60: =IF(_xlfn.CONCAT(_xlfn.XLOOKUP(A60,'Data Set 2 - Vehicles'!$A$2:$A$158,'Data Set 2 - Vehicles'!$D$2:$D$158,"Not Found",0,1)," ",_xlfn.XLOOKUP(A60,'Data Set 2 - Vehicles'!$A$2:$A$158,'Data Set 2 - Vehicles'!$E$2:$E$158,"Not Found",0,1))="Not Found Not Found", "Not Found",_xlfn.CONCAT(_xlfn.XLOOKUP(A60,'Data Set 2 - Vehicles'!$A$2:$A$158,'Data Set 2 - Vehicles'!$D$2:$D$158,"Not Found",0,1)," ",_xlfn.XLOOKUP(A60,'Data Set 2 - Vehicles'!$A$2:$A$158,'Data Set 2 - Vehicles'!$E$2:$E$158,"Not Found",0,1))) -> Nissan Altima | R60: =_xlfn.XLOOKUP(A60,'Data Set 2 - Vehicles'!$A$2:$A$158,'Data Set 2 - Vehicles'!$O$2:$O$158,"",0,1) -> 44410 | S60: =IF(_xlfn.XLOOKUP(A60,'Data Set 2 - Vehicles'!$A$2:$A$158,'Data Set 2 - Vehicles'!$E$2:$E$158,"Has No Vehicle",0,-1)=P60,"Has Only One Vehicle",_xlfn.XLOOKUP(A60,'Data Set 2 - Vehicles'!$A$2:$A$158,'Data Set 2 - Vehicles'!$E$2:$E$158,"Has No Vehcile",0,-1)) -> Has Only One Vehicle | T60: =_xlfn.LET(_xlpm.mfcname,_xlfn.XLOOKUP(A60,'Data Set 2 - Vehicles'!$A$2:$A$158,'Data Set 2 - Vehicles'!$D$2:$D$158,"NF",0,-1),_xlpm.mdlname,_xlfn.XLOOKUP(A60,'Data Set 2 - Vehicles'!$A$2:$A$158,'Data Set 2 - Vehicles'!$E$2:$E$158,"NF",0,-1),_xlpm.vehcilename,_xlfn.CONCAT(_xlpm.mfcname," ",_xlpm.mdlname),IF(S60="Has No Vehicle","Has No Vehicle",IF(S60="Has Only One Vehicle","Has Only One Vehicle",IF(_xlpm.vehcilename="NF NF","Not Found",_xlpm.vehcilename)))) -> Has Only One Vehicle | U60: =_xlfn.LET(_xlpm.vserdate,_xlfn.XLOOKUP(A60,'Data Set 2 - Vehicles'!$A$2:$A$158,'Data Set 2 - Vehicles'!$O$2:$O$158,"NF",0,-1), IF(OR('Data Set 1'!S60="Has No Vehicle",'Data Set 1'!S60="Has Only One Vehicle"),'Data Set 1'!S60,_xlpm.vserdate)) -> Has Only One Vehicle | V60: =SUMIF('Data Set 2 - Vehicles'!$A$2:$A$158,'Data Set 1'!A60,'Data Set 2 - Vehicles'!$Q$2:$Q$158) -> 195064 | W60: =_xlfn.LET(_xlpm.maxdate,_xlfn.MAXIFS('Data Set 2 - Vehicles'!$O$2:$O$158,'Data Set 2 - Vehicles'!$A$2:$A$158,'Data Set 1'!A60),IF(_xlpm.maxdate=0,"",_xlpm.maxdate)) -> 44410 | X60: =IF(W60="","No Service Record", IF(W60<EDATE(TODAY(),-48),"InActive","Active")) -> InActive | Y60: =IF(tblCustomers[[#This Row],[total mileage]]=0,"Customer has No Car", IF(AND(tblCustomers[[#This Row],[total mileage]]>0,tblCustomers[[#This Row],[total mileage]]<=100000),"50K - 100K", IF(AND(tblCustomers[[#This Row],[total mileage]]>100000,tblCustomers[[#This Row],[total mileage]]<=200000),"100K-200K","Mileage>200k"))) -> 100K-200K
A61: 1286 | B61: Junita | C61: Stoltzman | D61: Geonex Martel Inc | E61: 94 W Dodge Rd | F61: Carson City | G61: NV | H61: 89701 | I61: =_xlfn.CONCAT(B61," ",C61) -> Junita Stoltzman | J61: =IF(I61=" ",D61,I61) -> Junita Stoltzman | K61: =_xlfn.TEXTBEFORE(E61, " ") -> 94 | L61: =VLOOKUP(A61,'Data Set 3 - Contacts'!$A$2:$F$136,5,FALSE) -> 7756389963 | M61: =VLOOKUP(A61,'Data Set 3 - Contacts'!$A$2:$F$136,6,FALSE) -> 7755781214 | N61: =VLOOKUP(A61,'Data Set 3 - Contacts'!$A$2:$F$136,4,FALSE) -> junita@aol.com | O61: =_xlfn.XLOOKUP(A61,'Data Set 2 - Vehicles'!$A$2:$A$158,'Data Set 2 - Vehicles'!$B$2:$B$158,0,0,-1) -> 1 | P61: =_xlfn.XLOOKUP(A61,'Data Set 2 - Vehicles'!$A$2:$A$158,'Data Set 2 - Vehicles'!$E$2:$E$158,"Not Found",0,1) -> I30 | Q61: =IF(_xlfn.CONCAT(_xlfn.XLOOKUP(A61,'Data Set 2 - Vehicles'!$A$2:$A$158,'Data Set 2 - Vehicles'!$D$2:$D$158,"Not Found",0,1)," ",_xlfn.XLOOKUP(A61,'Data Set 2 - Vehicles'!$A$2:$A$158,'Data Set 2 - Vehicles'!$E$2:$E$158,"Not Found",0,1))="Not Found Not Found", "Not Found",_xlfn.CONCAT(_xlfn.XLOOKUP(A61,'Data Set 2 - Vehicles'!$A$2:$A$158,'Data Set 2 - Vehicles'!$D$2:$D$158,"Not Found",0,1)," ",_xlfn.XLOOKUP(A61,'Data Set 2 - Vehicles'!$A$2:$A$158,'Data Set 2 - Vehicles'!$E$2:$E$158,"Not Found",0,1))) -> Infiniti I30 | R61: =_xlfn.XLOOKUP(A61,'Data Set 2 - Vehicles'!$A$2:$A$158,'Data Set 2 - Vehicles'!$O$2:$O$158,"",0,1) -> 40283 | S61: =IF(_xlfn.XLOOKUP(A61,'Data Set 2 - Vehicles'!$A$2:$A$158,'Data Set 2 - Vehicles'!$E$2:$E$158,"Has No Vehicle",0,-1)=P61,"Has Only One Vehicle",_xlfn.XLOOKUP(A61,'Data Set 2 - Vehicles'!$A$2:$A$158,'Data Set 2 - Vehicles'!$E$2:$E$158,"Has No Vehcile",0,-1)) -> Has Only One Vehicle | T61: =_xlfn.LET(_xlpm.mfcname,_xlfn.XLOOKUP(A61,'Data Set 2 - Vehicles'!$A$2:$A$158,'Data Set 2 - Vehicles'!$D$2:$D$158,"NF",0,-1),_xlpm.mdlname,_xlfn.XLOOKUP(A61,'Data Set 2 - Vehicles'!$A$2:$A$158,'Data Set 2 - Vehicles'!$E$2:$E$158,"NF",0,-1),_xlpm.vehcilename,_xlfn.CONCAT(_xlpm.mfcname," ",_xlpm.mdlname),IF(S61="Has No Vehicle","Has No Vehicle",IF(S61="Has Only One Vehicle","Has Only One Vehicle",IF(_xlpm.vehcilename="NF NF","Not Found",_xlpm.vehcilename)))) -> Has Only One Vehicle | U61: =_xlfn.LET(_xlpm.vserdate,_xlfn.XLOOKUP(A61,'Data Set 2 - Vehicles'!$A$2:$A$158,'Data Set 2 - Vehicles'!$O$2:$O$158,"NF",0,-1), IF(OR('Data Set 1'!S61="Has No Vehicle",'Data Set 1'!S61="Has Only One Vehicle"),'Data Set 1'!S61,_xlpm.vserdate)) -> Has Only One Vehicle | V61: =SUMIF('Data Set 2 - Vehicles'!$A$2:$A$158,'Data Set 1'!A61,'Data Set 2 - Vehicles'!$Q$2:$Q$158) -> 199222 | W61: =_xlfn.LET(_xlpm.maxdate,_xlfn.MAXIFS('Data Set 2 - Vehicles'!$O$2:$O$158,'Data Set 2 - Vehicles'!$A$2:$A$158,'Data Set 1'!A61),IF(_xlpm.maxdate=0,"",_xlpm.maxdate)) -> 40283 | X61: =IF(W61="","No Service Record", IF(W61<EDATE(TODAY(),-48),"InActive","Active")) -> InActive | Y61: =IF(tblCustomers[[#This Row],[total mileage]]=0,"Customer has No Car", IF(AND(tblCustomers[[#This Row],[total mileage]]>0,tblCustomers[[#This Row],[total mileage]]<=100000),"50K - 100K", IF(AND(tblCustomers[[#This Row],[total mileage]]>100000,tblCustomers[[#This Row],[total mileage]]<=200000),"100K-200K","Mileage>200k"))) -> 100K-200K
A62: 1064 | D62: George Jessop Carter Jewelers | E62: 2664 Lewis Rd | F62: Littleton | G62: CO | H62: 80126 | I62: =_xlfn.CONCAT(B62," ",C62) | J62: =IF(I62=" ",D62,I62) -> George Jessop Carter Jewelers | K62: =_xlfn.TEXTBEFORE(E62, " ") -> 2664 | L62: =VLOOKUP(A62,'Data Set 3 - Contacts'!$A$2:$F$136,5,FALSE) -> 3037247371 | M62: =VLOOKUP(A62,'Data Set 3 - Contacts'!$A$2:$F$136,6,FALSE) | N62: =VLOOKUP(A62,'Data Set 3 - Contacts'!$A$2:$F$136,4,FALSE) -> carmelina_lindall@lindall.com | O62: =_xlfn.XLOOKUP(A62,'Data Set 2 - Vehicles'!$A$2:$A$158,'Data Set 2 - Vehicles'!$B$2:$B$158,0,0,-1) -> 2 | P62: =_xlfn.XLOOKUP(A62,'Data Set 2 - Vehicles'!$A$2:$A$158,'Data Set 2 - Vehicles'!$E$2:$E$158,"Not Found",0,1) -> V40 | Q62: =IF(_xlfn.CONCAT(_xlfn.XLOOKUP(A62,'Data Set 2 - Vehicles'!$A$2:$A$158,'Data Set 2 - Vehicles'!$D$2:$D$158,"Not Found",0,1)," ",_xlfn.XLOOKUP(A62,'Data Set 2 - Vehicles'!$A$2:$A$158,'Data Set 2 - Vehicles'!$E$2:$E$158,"Not Found",0,1))="Not Found Not Found", "Not Found",_xlfn.CONCAT(_xlfn.XLOOKUP(A62,'Data Set 2 - Vehicles'!$A$2:$A$158,'Data Set 2 - Vehicles'!$D$2:$D$158,"Not Found",0,1)," ",_xlfn.XLOOKUP(A62,'Data Set 2 - Vehicles'!$A$2:$A$158,'Data Set 2 - Vehicles'!$E$2:$E$158,"Not Found",0,1))) -> Volvo V40 | R62: =_xlfn.XLOOKUP(A62,'Data Set 2 - Vehicles'!$A$2:$A$158,'Data Set 2 - Vehicles'!$O$2:$O$158,"",0,1) -> 42268 | S62: =IF(_xlfn.XLOOKUP(A62,'Data Set 2 - Vehicles'!$A$2:$A$158,'Data Set 2 - Vehicles'!$E$2:$E$158,"Has No Vehicle",0,-1)=P62,"Has Only One Vehicle",_xlfn.XLOOKUP(A62,'Data Set 2 - Vehicles'!$A$2:$A$158,'Data Set 2 - Vehicles'!$E$2:$E$158,"Has No Vehcile",0,-1)) -> 44807 | T62: =_xlfn.LET(_xlpm.mfcname,_xlfn.XLOOKUP(A62,'Data Set 2 - Vehicles'!$A$2:$A$158,'Data Set 2 - Vehicles'!$D$2:$D$158,"NF",0,-1),_xlpm.mdlname,_xlfn.XLOOKUP(A62,'Data Set 2 - Vehicles'!$A$2:$A$158,'Data Set 2 - Vehicles'!$E$2:$E$158,"NF",0,-1),_xlpm.vehcilename,_xlfn.CONCAT(_xlpm.mfcname," ",_xlpm.mdlname),IF(S62="Has No Vehicle","Has No Vehicle",IF(S62="Has Only One Vehicle","Has Only One Vehicle",IF(_xlpm.vehcilename="NF NF","Not Found",_xlpm.vehcilename)))) -> Saab 44807 | U62: =_xlfn.LET(_xlpm.vserdate,_xlfn.XLOOKUP(A62,'Data Set 2 - Vehicles'!$A$2:$A$158,'Data Set 2 - Vehicles'!$O$2:$O$158,"NF",0,-1), IF(OR('Data Set 1'!S62="Has No Vehicle",'Data Set 1'!S62="Has Only One Vehicle"),'Data Set 1'!S62,_xlpm.vserdate)) -> 41802 | V62: =SUMIF('Data Set 2 - Vehicles'!$A$2:$A$158,'Data Set 1'!A62,'Data Set 2 - Vehicles'!$Q$2:$Q$158) -> 354965 | W62: =_xlfn.LET(_xlpm.maxdate,_xlfn.MAXIFS('Data Set 2 - Vehicles'!$O$2:$O$158,'Data Set 2 - Vehicles'!$A$2:$A$158,'Data Set 1'!A62),IF(_xlpm.maxdate=0,"",_xlpm.maxdate)) -> 42268 | X62: =IF(W62="","No Service Record", IF(W62<EDATE(TODAY(),-48),"InActive","Active")) -> InActive | Y62: =IF(tblCustomers[[#This Row],[total mileage]]=0,"Customer has No Car", IF(AND(tblCustomers[[#This Row],[total mileage]]>0,tblCustomers[[#This Row],[total mileage]]<=100000),"50K - 100K", IF(AND(tblCustomers[[#This Row],[total mileage]]>100000,tblCustomers[[#This Row],[total mileage]]<=200000),"100K-200K","Mileage>200k"))) -> Mileage>200k
A63: 1343 | D63: Goeman Wood Products Inc | E63: 8139 I Hwy 10 #92 | F63: New Bedford | G63: MA | H63: 2745 | I63: =_xlfn.CONCAT(B63," ",C63) | J63: =IF(I63=" ",D63,I63) -> Goeman Wood Products Inc | K63: =_xlfn.TEXTBEFORE(E63, " ") -> 8139 | L63: =VLOOKUP(A63,'Data Set 3 - Contacts'!$A$2:$F$136,5,FALSE) -> 5088559887 | M63: =VLOOKUP(A63,'Data Set 3 - Contacts'!$A$2:$F$136,6,FALSE) -> 5088977916 | N63: =VLOOKUP(A63,'Data Set 3 - Contacts'!$A$2:$F$136,4,FALSE) -> nobuko.halsey@yahoo.com | O63: =_xlfn.XLOOKUP(A63,'Data Set 2 - Vehicles'!$A$2:$A$158,'Data Set 2 - Vehicles'!$B$2:$B$158,0,0,-1) -> 0 | P63: =_xlfn.XLOOKUP(A63,'Data Set 2 - Vehicles'!$A$2:$A$158,'Data Set 2 - Vehicles'!$E$2:$E$158,"Not Found",0,1) -> Not Found | Q63: =IF(_xlfn.CONCAT(_xlfn.XLOOKUP(A63,'Data Set 2 - Vehicles'!$A$2:$A$158,'Data Set 2 - Vehicles'!$D$2:$D$158,"Not Found",0,1)," ",_xlfn.XLOOKUP(A63,'Data Set 2 - Vehicles'!$A$2:$A$158,'Data Set 2 - Vehicles'!$E$2:$E$158,"Not Found",0,1))="Not Found Not Found", "Not Found",_xlfn.CONCAT(_xlfn.XLOOKUP(A63,'Data Set 2 - Vehicles'!$A$2:$A$158,'Data Set 2 - Vehicles'!$D$2:$D$158,"Not Found",0,1)," ",_xlfn.XLOOKUP(A63,'Data Set 2 - Vehicles'!$A$2:$A$158,'Data Set 2 - Vehicles'!$E$2:$E$158,"Not Found",0,1))) -> Not Found | R63: =_xlfn.XLOOKUP(A63,'Data Set 2 - Vehicles'!$A$2:$A$158,'Data Set 2 - Vehicles'!$O$2:$O$158,"",0,1) | S63: =IF(_xlfn.XLOOKUP(A63,'Data Set 2 - Vehicles'!$A$2:$A$158,'Data Set 2 - Vehicles'!$E$2:$E$158,"Has No Vehicle",0,-1)=P63,"Has Only One Vehicle",_xlfn.XLOOKUP(A63,'Data Set 2 - Vehicles'!$A$2:$A$158,'Data Set 2 - Vehicles'!$E$2:$E$158,"Has No Vehcile",0,-1)) -> Has No Vehcile | T63: =_xlfn.LET(_xlpm.mfcname,_xlfn.XLOOKUP(A63,'Data Set 2 - Vehicles'!$A$2:$A$158,'Data Set 2 - Vehicles'!$D$2:$D$158,"NF",0,-1),_xlpm.mdlname,_xlfn.XLOOKUP(A63,'Data Set 2 - Vehicles'!$A$2:$A$158,'Data Set 2 - Vehicles'!$E$2:$E$158,"NF",0,-1),_xlpm.vehcilename,_xlfn.CONCAT(_xlpm.mfcname," ",_xlpm.mdlname),IF(S63="Has No Vehicle","Has No Vehicle",IF(S63="Has Only One Vehicle","Has Only One Vehicle",IF(_xlpm.vehcilename="NF NF","Not Found",_xlpm.vehcilename)))) -> Not Found | U63: =_xlfn.LET(_xlpm.vserdate,_xlfn.XLOOKUP(A63,'Data Set 2 - Vehicles'!$A$2:$A$158,'Data Set 2 - Vehicles'!$O$2:$O$158,"NF",0,-1), IF(OR('Data Set 1'!S63="Has No Vehicle",'Data Set 1'!S63="Has Only One Vehicle"),'Data Set 1'!S63,_xlpm.vserdate)) -> NF | V63: =SUMIF('Data Set 2 - Vehicles'!$A$2:$A$158,'Data Set 1'!A63,'Data Set 2 - Vehicles'!$Q$2:$Q$158) -> 0 | W63: =_xlfn.LET(_xlpm.maxdate,_xlfn.MAXIFS('Data Set 2 - Vehicles'!$O$2:$O$158,'Data Set 2 - Vehicles'!$A$2:$A$158,'Data Set 1'!A63),IF(_xlpm.maxdate=0,"",_xlpm.maxdate)) | X63: =IF(W63="","No Service Record", IF(W63<EDATE(TODAY(),-48),"InActive","Active")) -> No Service Record | Y63: =IF(tblCustomers[[#This Row],[total mileage]]=0,"Customer has No Car", IF(AND(tblCustomers[[#This Row],[total mileage]]>0,tblCustomers[[#This Row],[total mileage]]<=100000),"50K - 100K", IF(AND(tblCustomers[[#This Row],[total mileage]]>100000,tblCustomers[[#This Row],[total mileage]]<=200000),"100K-200K","Mileage>200k"))) -> Customer has No Car
A64: 1181 | B64: Marguerita | C64: Hiatt | E64: 82 N Highway 67 | F64: Oakley | G64: CA | H64: 94561 | I64: =_xlfn.CONCAT(B64," ",C64) -> Marguerita Hiatt | J64: =IF(I64=" ",D64,I64) -> Marguerita Hiatt | K64: =_xlfn.TEXTBEFORE(E64, " ") -> 82 | L64: =VLOOKUP(A64,'Data Set 3 - Contacts'!$A$2:$F$136,5,FALSE) -> 9256347158 | M64: =VLOOKUP(A64,'Data Set 3 - Contacts'!$A$2:$F$136,6,FALSE) -> 9255418521 | N64: =VLOOKUP(A64,'Data Set 3 - Contacts'!$A$2:$F$136,4,FALSE) -> marguerita.hiatt@gmail.com | O64: =_xlfn.XLOOKUP(A64,'Data Set 2 - Vehicles'!$A$2:$A$158,'Data Set 2 - Vehicles'!$B$2:$B$158,0,0,-1) -> 1 | P64: =_xlfn.XLOOKUP(A64,'Data Set 2 - Vehicles'!$A$2:$A$158,'Data Set 2 - Vehicles'!$E$2:$E$158,"Not Found",0,1) -> Continental | Q64: =IF(_xlfn.CONCAT(_xlfn.XLOOKUP(A64,'Data Set 2 - Vehicles'!$A$2:$A$158,'Data Set 2 - Vehicles'!$D$2:$D$158,"Not Found",0,1)," ",_xlfn.XLOOKUP(A64,'Data Set 2 - Vehicles'!$A$2:$A$158,'Data Set 2 - Vehicles'!$E$2:$E$158,"Not Found",0,1))="Not Found Not Found", "Not Found",_xlfn.CONCAT(_xlfn.XLOOKUP(A64,'Data Set 2 - Vehicles'!$A$2:$A$158,'Data Set 2 - Vehicles'!$D$2:$D$158,"Not Found",0,1)," ",_xlfn.XLOOKUP(A64,'Data Set 2 - Vehicles'!$A$2:$A$158,'Data Set 2 - Vehicles'!$E$2:$E$158,"Not Found",0,1))) -> Lincoln Continental | R64: =_xlfn.XLOOKUP(A64,'Data Set 2 - Vehicles'!$A$2:$A$158,'Data Set 2 - Vehicles'!$O$2:$O$158,"",0,1) -> 44046 | S64: =IF(_xlfn.XLOOKUP(A64,'Data Set 2 - Vehicles'!$A$2:$A$158,'Data Set 2 - Vehicles'!$E$2:$E$158,"Has No Vehicle",0,-1)=P64,"Has Only One Vehicle",_xlfn.XLOOKUP(A64,'Data Set 2 - Vehicles'!$A$2:$A$158,'Data Set 2 - Vehicles'!$E$2:$E$158,"Has No Vehcile",0,-1)) -> Has Only One Vehicle | T64: =_xlfn.LET(_xlpm.mfcname,_xlfn.XLOOKUP(A64,'Data Set 2 - Vehicles'!$A$2:$A$158,'Data Set 2 - Vehicles'!$D$2:$D$158,"NF",0,-1),_xlpm.mdlname,_xlfn.XLOOKUP(A64,'Data Set 2 - Vehicles'!$A$2:$A$158,'Data Set 2 - Vehicles'!$E$2:$E$158,"NF",0,-1),_xlpm.vehcilename,_xlfn.CONCAT(_xlpm.mfcname," ",_xlpm.mdlname),IF(S64="Has No Vehicle","Has No Vehicle",IF(S64="Has Only One Vehicle","Has Only One Vehicle",IF(_xlpm.vehcilename="NF NF","Not Found",_xlpm.vehcilename)))) -> Has Only One Vehicle | U64: =_xlfn.LET(_xlpm.vserdate,_xlfn.XLOOKUP(A64,'Data Set 2 - Vehicles'!$A$2:$A$158,'Data Set 2 - Vehicles'!$O$2:$O$158,"NF",0,-1), IF(OR('Data Set 1'!S64="Has No Vehicle",'Data Set 1'!S64="Has Only One Vehicle"),'Data Set 1'!S64,_xlpm.vserdate)) -> Has Only One Vehicle | V64: =SUMIF('Data Set 2 - Vehicles'!$A$2:$A$158,'Data Set 1'!A64,'Data Set 2 - Vehicles'!$Q$2:$Q$158) -> 54105 | W64: =_xlfn.LET(_xlpm.maxdate,_xlfn.MAXIFS('Data Set 2 - Vehicles'!$O$2:$O$158,'Data Set 2 - Vehicles'!$A$2:$A$158,'Data Set 1'!A64),IF(_xlpm.maxdate=0,"",_xlpm.maxdate)) -> 44046 | X64: =IF(W64="","No Service Record", IF(W64<EDATE(TODAY(),-48),"InActive","Active")) -> InActive | Y64: =IF(tblCustomers[[#This Row],[total mileage]]=0,"Customer has No Car", IF(AND(tblCustomers[[#This Row],[total mileage]]>0,tblCustomers[[#This Row],[total mileage]]<=100000),"50K - 100K", IF(AND(tblCustomers[[#This Row],[total mileage]]>100000,tblCustomers[[#This Row],[total mileage]]<=200000),"100K-200K","Mileage>200k"))) -> 50K - 100K
A65: 1314 | D65: H A C Farm Lines Co Optv Assoc | E65: 2845 Boulder Crescent St | F65: Cleveland | G65: OH | H65: 44103 | I65: =_xlfn.CONCAT(B65," ",C65) | J65: =IF(I65=" ",D65,I65) -> H A C Farm Lines Co Optv Assoc | K65: =_xlfn.TEXTBEFORE(E65, " ") -> 2845 | L65: =VLOOKUP(A65,'Data Set 3 - Contacts'!$A$2:$F$136,5,FALSE) -> 2169233715 | M65: =VLOOKUP(A65,'Data Set 3 - Contacts'!$A$2:$F$136,6,FALSE) -> 2162709653 | N65: =VLOOKUP(A65,'Data Set 3 - Contacts'!$A$2:$F$136,4,FALSE) -> kattie@vonasek.org | O65: =_xlfn.XLOOKUP(A65,'Data Set 2 - Vehicles'!$A$2:$A$158,'Data Set 2 - Vehicles'!$B$2:$B$158,0,0,-1) -> 1 | P65: =_xlfn.XLOOKUP(A65,'Data Set 2 - Vehicles'!$A$2:$A$158,'Data Set 2 - Vehicles'!$E$2:$E$158,"Not Found",0,1) -> CLK Coupe | Q65: =IF(_xlfn.CONCAT(_xlfn.XLOOKUP(A65,'Data Set 2 - Vehicles'!$A$2:$A$158,'Data Set 2 - Vehicles'!$D$2:$D$158,"Not Found",0,1)," ",_xlfn.XLOOKUP(A65,'Data Set 2 - Vehicles'!$A$2:$A$158,'Data Set 2 - Vehicles'!$E$2:$E$158,"Not Found",0,1))="Not Found Not Found", "Not Found",_xlfn.CONCAT(_xlfn.XLOOKUP(A65,'Data Set 2 - Vehicles'!$A$2:$A$158,'Data Set 2 - Vehicles'!$D$2:$D$158,"Not Found",0,1)," ",_xlfn.XLOOKUP(A65,'Data Set 2 - Vehicles'!$A$2:$A$158,'Data Set 2 - Vehicles'!$E$2:$E$158,"Not Found",0,1))) -> Mercedes-B CLK Coupe | R65: =_xlfn.XLOOKUP(A65,'Data Set 2 - Vehicles'!$A$2:$A$158,'Data Set 2 - Vehicles'!$O$2:$O$158,"",0,1) -> 40002 | S65: =IF(_xlfn.XLOOKUP(A65,'Data Set 2 - Vehicles'!$A$2:$A$158,'Data Set 2 - Vehicles'!$E$2:$E$158,"Has No Vehicle",0,-1)=P65,"Has Only One Vehicle",_xlfn.XLOOKUP(A65,'Data Set 2 - Vehicles'!$A$2:$A$158,'Data Set 2 - Vehicles'!$E$2:$E$158,"Has No Vehcile",0,-1)) -> Has Only One Vehicle | T65: =_xlfn.LET(_xlpm.mfcname,_xlfn.XLOOKUP(A65,'Data Set 2 - Vehicles'!$A$2:$A$158,'Data Set 2 - Vehicles'!$D$2:$D$158,"NF",0,-1),_xlpm.mdlname,_xlfn.XLOOKUP(A65,'Data Set 2 - Vehicles'!$A$2:$A$158,'Data Set 2 - Vehicles'!$E$2:$E$158,"NF",0,-1),_xlpm.vehcilename,_xlfn.CONCAT(_xlpm.mfcname," ",_xlpm.mdlname),IF(S65="Has No Vehicle","Has No Vehicle",IF(S65="Has Only One Vehicle","Has Only One Vehicle",IF(_xlpm.vehcilename="NF NF","Not Found",_xlpm.vehcilename)))) -> Has Only One Vehicle | U65: =_xlfn.LET(_xlpm.vserdate,_xlfn.XLOOKUP(A65,'Data Set 2 - Vehicles'!$A$2:$A$158,'Data Set 2 - Vehicles'!$O$2:$O$158,"NF",0,-1), IF(OR('Data Set 1'!S65="Has No Vehicle",'Data Set 1'!S65="Has Only One Vehicle"),'Data Set 1'!S65,_xlpm.vserdate)) -> Has Only One Vehicle | V65: =SUMIF('Data Set 2 - Vehicles'!$A$2:$A$158,'Data Set 1'!A65,'Data Set 2 - Vehicles'!$Q$2:$Q$158) -> 83504 | W65: =_xlfn.LET(_xlpm.maxdate,_xlfn.MAXIFS('Data Set 2 - Vehicles'!$O$2:$O$158,'Data Set 2 - Vehicles'!$A$2:$A$158,'Data Set 1'!A65),IF(_xlpm.maxdate=0,"",_xlpm.maxdate)) -> 40002 | X65: =IF(W65="","No Service Record", IF(W65<EDATE(TODAY(),-48),"InActive","Active")) -> InActive | Y65: =IF(tblCustomers[[#This Row],[total mileage]]=0,"Customer has No Car", IF(AND(tblCustomers[[#This Row],[total mileage]]>0,tblCustomers[[#This Row],[total mileage]]<=100000),"50K - 100K", IF(AND(tblCustomers[[#This Row],[total mileage]]>100000,tblCustomers[[#This Row],[total mileage]]<=200000),"100K-200K","Mileage>200k"))) -> 50K - 100K
A66: 1417 | D66: Harris Corporation | E66: 4 Iwaena St | F66: Baltimore | G66: MD | H66: 21202 | I66: =_xlfn.CONCAT(B66," ",C66) | J66: =IF(I66=" ",D66,I66) -> Harris Corporation | K66: =_xlfn.TEXTBEFORE(E66, " ") -> 4 | L66: =VLOOKUP(A66,'Data Set 3 - Contacts'!$A$2:$F$136,5,FALSE) -> 4108907866 | M66: =VLOOKUP(A66,'Data Set 3 - Contacts'!$A$2:$F$136,6,FALSE) -> 4104294888 | N66: =VLOOKUP(A66,'Data Set 3 - Contacts'!$A$2:$F$136,4,FALSE) -> eden_jayson@yahoo.com | O66: =_xlfn.XLOOKUP(A66,'Data Set 2 - Vehicles'!$A$2:$A$158,'Data Set 2 - Vehicles'!$B$2:$B$158,0,0,-1) -> 1 | P66: =_xlfn.XLOOKUP(A66,'Data Set 2 - Vehicles'!$A$2:$A$158,'Data Set 2 - Vehicles'!$E$2:$E$158,"Not Found",0,1) -> Sebring Coupe | Q66: =IF(_xlfn.CONCAT(_xlfn.XLOOKUP(A66,'Data Set 2 - Vehicles'!$A$2:$A$158,'Data Set 2 - Vehicles'!$D$2:$D$158,"Not Found",0,1)," ",_xlfn.XLOOKUP(A66,'Data Set 2 - Vehicles'!$A$2:$A$158,'Data Set 2 - Vehicles'!$E$2:$E$158,"Not Found",0,1))="Not Found Not Found", "Not Found",_xlfn.CONCAT(_xlfn.XLOOKUP(A66,'Data Set 2 - Vehicles'!$A$2:$A$158,'Data Set 2 - Vehicles'!$D$2:$D$158,"Not Found",0,1)," ",_xlfn.XLOOKUP(A66,'Data Set 2 - Vehicles'!$A$2:$A$158,'Data Set 2 - Vehicles'!$E$2:$E$158,"Not Found",0,1))) -> Chrysler Sebring Coupe | R66: =_xlfn.XLOOKUP(A66,'Data Set 2 - Vehicles'!$A$2:$A$158,'Data Set 2 - Vehicles'!$O$2:$O$158,"",0,1) -> 39829 | S66: =IF(_xlfn.XLOOKUP(A66,'Data Set 2 - Vehicles'!$A$2:$A$158,'Data Set 2 - Vehicles'!$E$2:$E$158,"Has No Vehicle",0,-1)=P66,"Has Only One Vehicle",_xlfn.XLOOKUP(A66,'Data Set 2 - Vehicles'!$A$2:$A$158,'Data Set 2 - Vehicles'!$E$2:$E$158,"Has No Vehcile",0,-1)) -> Has Only One Vehicle | T66: =_xlfn.LET(_xlpm.mfcname,_xlfn.XLOOKUP(A66,'Data Set 2 - Vehicles'!$A$2:$A$158,'Data Set 2 - Vehicles'!$D$2:$D$158,"NF",0,-1),_xlpm.mdlname,_xlfn.XLOOKUP(A66,'Data Set 2 - Vehicles'!$A$2:$A$158,'Data Set 2 - Vehicles'!$E$2:$E$158,"NF",0,-1),_xlpm.vehcilename,_xlfn.CONCAT(_xlpm.mfcname," ",_xlpm.mdlname),IF(S66="Has No Vehicle","Has No Vehicle",IF(S66="Has Only One Vehicle","Has Only One Vehicle",IF(_xlpm.vehcilename="NF NF","Not Found",_xlpm.vehcilename)))) -> Has Only One Vehicle | U66: =_xlfn.LET(_xlpm.vserdate,_xlfn.XLOOKUP(A66,'Data Set 2 - Vehicles'!$A$2:$A$158,'Data Set 2 - Vehicles'!$O$2:$O$158,"NF",0,-1), IF(OR('Data Set 1'!S66="Has No Vehicle",'Data Set 1'!S66="Has Only One Vehicle"),'Data Set 1'!S66,_xlpm.vserdate)) -> Has Only One Vehicle | V66: =SUMIF('Data Set 2 - Vehicles'!$A$2:$A$158,'Data Set 1'!A66,'Data Set 2 - Vehicles'!$Q$2:$Q$158) -> 105039 | W66: =_xlfn.LET(_xlpm.maxdate,_xlfn.MAXIFS('Data Set 2 - Vehicles'!$O$2:$O$158,'Data Set 2 - Vehicles'!$A$2:$A$158,'Data Set 1'!A66),IF(_xlpm.maxdate=0,"",_xlpm.maxdate)) -> 39829 | X66: =IF(W66="","No Service Record", IF(W66<EDATE(TODAY(),-48),"InActive","Active")) -> InActive | Y66: =IF(tblCustomers[[#This Row],[total mileage]]=0,"Customer has No Car", IF(AND(tblCustomers[[#This Row],[total mileage]]>0,tblCustomers[[#This Row],[total mileage]]<=100000),"50K - 100K", IF(AND(tblCustomers[[#This Row],[total mileage]]>100000,tblCustomers[[#This Row],[total mileage]]<=200000),"100K-200K","Mileage>200k"))) -> 100K-200K
A67: 1332 | B67: Kirk | C67: Herritt | E67: 88 15th Ave Ne | F67: Vestal | G67: NY | H67: 13850 | I67: =_xlfn.CONCAT(B67," ",C67) -> Kirk Herritt | J67: =IF(I67=" ",D67,I67) -> Kirk Herritt | K67: =_xlfn.TEXTBEFORE(E67, " ") -> 88 | L67: =VLOOKUP(A67,'Data Set 3 - Contacts'!$A$2:$F$136,5,FALSE) -> 6074073716 | M67: =VLOOKUP(A67,'Data Set 3 - Contacts'!$A$2:$F$136,6,FALSE) -> 6073507690 | N67: =VLOOKUP(A67,'Data Set 3 - Contacts'!$A$2:$F$136,4,FALSE) -> kirk.herritt@aol.com | O67: =_xlfn.XLOOKUP(A67,'Data Set 2 - Vehicles'!$A$2:$A$158,'Data Set 2 - Vehicles'!$B$2:$B$158,0,0,-1) -> 0 | P67: =_xlfn.XLOOKUP(A67,'Data Set 2 - Vehicles'!$A$2:$A$158,'Data Set 2 - Vehicles'!$E$2:$E$158,"Not Found",0,1) -> Not Found | Q67: =IF(_xlfn.CONCAT(_xlfn.XLOOKUP(A67,'Data Set 2 - Vehicles'!$A$2:$A$158,'Data Set 2 - Vehicles'!$D$2:$D$158,"Not Found",0,1)," ",_xlfn.XLOOKUP(A67,'Data Set 2 - Vehicles'!$A$2:$A$158,'Data Set 2 - Vehicles'!$E$2:$E$158,"Not Found",0,1))="Not Found Not Found", "Not Found",_xlfn.CONCAT(_xlfn.XLOOKUP(A67,'Data Set 2 - Vehicles'!$A$2:$A$158,'Data Set 2 - Vehicles'!$D$2:$D$158,"Not Found",0,1)," ",_xlfn.XLOOKUP(A67,'Data Set 2 - Vehicles'!$A$2:$A$158,'Data Set 2 - Vehicles'!$E$2:$E$158,"Not Found",0,1))) -> Not Found | R67: =_xlfn.XLOOKUP(A67,'Data Set 2 - Vehicles'!$A$2:$A$158,'Data Set 2 - Vehicles'!$O$2:$O$158,"",0,1) | S67: =IF(_xlfn.XLOOKUP(A67,'Data Set 2 - Vehicles'!$A$2:$A$158,'Data Set 2 - Vehicles'!$E$2:$E$158,"Has No Vehicle",0,-1)=P67,"Has Only One Vehicle",_xlfn.XLOOKUP(A67,'Data Set 2 - Vehicles'!$A$2:$A$158,'Data Set 2 - Vehicles'!$E$2:$E$158,"Has No Vehcile",0,-1)) -> Has No Vehcile | T67: =_xlfn.LET(_xlpm.mfcname,_xlfn.XLOOKUP(A67,'Data Set 2 - Vehicles'!$A$2:$A$158,'Data Set 2 - Vehicles'!$D$2:$D$158,"NF",0,-1),_xlpm.mdlname,_xlfn.XLOOKUP(A67,'Data Set 2 - Vehicles'!$A$2:$A$158,'Data Set 2 - Vehicles'!$E$2:$E$158,"NF",0,-1),_xlpm.vehcilename,_xlfn.CONCAT(_xlpm.mfcname," ",_xlpm.mdlname),IF(S67="Has No Vehicle","Has No Vehicle",IF(S67="Has Only One Vehicle","Has Only One Vehicle",IF(_xlpm.vehcilename="NF NF","Not Found",_xlpm.vehcilename)))) -> Not Found | U67: =_xlfn.LET(_xlpm.vserdate,_xlfn.XLOOKUP(A67,'Data Set 2 - Vehicles'!$A$2:$A$158,'Data Set 2 - Vehicles'!$O$2:$O$158,"NF",0,-1), IF(OR('Data Set 1'!S67="Has No Vehicle",'Data Set 1'!S67="Has Only One Vehicle"),'Data Set 1'!S67,_xlpm.vserdate)) -> NF | V67: =SUMIF('Data Set 2 - Vehicles'!$A$2:$A$158,'Data Set 1'!A67,'Data Set 2 - Vehicles'!$Q$2:$Q$158) -> 0 | W67: =_xlfn.LET(_xlpm.maxdate,_xlfn.MAXIFS('Data Set 2 - Vehicles'!$O$2:$O$158,'Data Set 2 - Vehicles'!$A$2:$A$158,'Data Set 1'!A67),IF(_xlpm.maxdate=0,"",_xlpm.maxdate)) | X67: =IF(W67="","No Service Record", IF(W67<EDATE(TODAY(),-48),"InActive","Active")) -> No Service Record | Y67: =IF(tblCustomers[[#This Row],[total mileage]]=0,"Customer has No Car", IF(AND(tblCustomers[[#This Row],[total mileage]]>0,tblCustomers[[#This Row],[total mileage]]<=100000),"50K - 100K", IF(AND(tblCustomers[[#This Row],[total mileage]]>100000,tblCustomers[[#This Row],[total mileage]]<=200000),"100K-200K","Mileage>200k"))) -> Customer has No Car
A68: 1067 | B68: Penney | C68: Weight | D68: Hawaiian King Hotel | E68: 18 Fountain St | F68: Anchorage | G68: AK | H68: 99515 | I68: =_xlfn.CONCAT(B68," ",C68) -> Penney Weight | J68: =IF(I68=" ",D68,I68) -> Penney Weight | K68: =_xlfn.TEXTBEFORE(E68, " ") -> 18 | L68: =VLOOKUP(A68,'Data Set 3 - Contacts'!$A$2:$F$136,5,FALSE) -> 9077979628 | M68: =VLOOKUP(A68,'Data Set 3 - Contacts'!$A$2:$F$136,6,FALSE) | N68: =VLOOKUP(A68,'Data Set 3 - Contacts'!$A$2:$F$136,4,FALSE) -> penney_weight@aol.com | O68: =_xlfn.XLOOKUP(A68,'Data Set 2 - Vehicles'!$A$2:$A$158,'Data Set 2 - Vehicles'!$B$2:$B$158,0,0,-1) -> 1 | P68: =_xlfn.XLOOKUP(A68,'Data Set 2 - Vehicles'!$A$2:$A$158,'Data Set 2 - Vehicles'!$E$2:$E$158,"Not Found",0,1) -> Eldorado | Q68: =IF(_xlfn.CONCAT(_xlfn.XLOOKUP(A68,'Data Set 2 - Vehicles'!$A$2:$A$158,'Data Set 2 - Vehicles'!$D$2:$D$158,"Not Found",0,1)," ",_xlfn.XLOOKUP(A68,'Data Set 2 - Vehicles'!$A$2:$A$158,'Data Set 2 - Vehicles'!$E$2:$E$158,"Not Found",0,1))="Not Found Not Found", "Not Found",_xlfn.CONCAT(_xlfn.XLOOKUP(A68,'Data Set 2 - Vehicles'!$A$2:$A$158,'Data Set 2 - Vehicles'!$D$2:$D$158,"Not Found",0,1)," ",_xlfn.XLOOKUP(A68,'Data Set 2 - Vehicles'!$A$2:$A$158,'Data Set 2 - Vehicles'!$E$2:$E$158,"Not Found",0,1))) -> Cadillac Eldorado | R68: =_xlfn.XLOOKUP(A68,'Data Set 2 - Vehicles'!$A$2:$A$158,'Data Set 2 - Vehicles'!$O$2:$O$158,"",0,1) -> 39413 | S68: =IF(_xlfn.XLOOKUP(A68,'Data Set 2 - Vehicles'!$A$2:$A$158,'Data Set 2 - Vehicles'!$E$2:$E$158,"Has No Vehicle",0,-1)=P68,"Has Only One Vehicle",_xlfn.XLOOKUP(A68,'Data Set 2 - Vehicles'!$A$2:$A$158,'Data Set 2 - Vehicles'!$E$2:$E$158,"Has No Vehcile",0,-1)) -> Has Only One Vehicle | T68: =_xlfn.LET(_xlpm.mfcname,_xlfn.XLOOKUP(A68,'Data Set 2 - Vehicles'!$A$2:$A$158,'Data Set 2 - Vehicles'!$D$2:$D$158,"NF",0,-1),_xlpm.mdlname,_xlfn.XLOOKUP(A68,'Data Set 2 - Vehicles'!$A$2:$A$158,'Data Set 2 - Vehicles'!$E$2:$E$158,"NF",0,-1),_xlpm.vehcilename,_xlfn.CONCAT(_xlpm.mfcname," ",_xlpm.mdlname),IF(S68="Has No Vehicle","Has No Vehicle",IF(S68="Has Only One Vehicle","Has Only One Vehicle",IF(_xlpm.vehcilename="NF NF","Not Found",_xlpm.vehcilename)))) -> Has Only One Vehicle | U68: =_xlfn.LET(_xlpm.vserdate,_xlfn.XLOOKUP(A68,'Data Set 2 - Vehicles'!$A$2:$A$158,'Data Set 2 - Vehicles'!$O$2:$O$158,"NF",0,-1), IF(OR('Data Set 1'!S68="Has No Vehicle",'Data Set 1'!S68="Has Only One Vehicle"),'Data Set 1'!S68,_xlpm.vserdate)) -> Has Only One Vehicle | V68: =SUMIF('Data Set 2 - Vehicles'!$A$2:$A$158,'Data Set 1'!A68,'Data Set 2 - Vehicles'!$Q$2:$Q$158) -> 155361 | W68: =_xlfn.LET(_xlpm.maxdate,_xlfn.MAXIFS('Data Set 2 - Vehicles'!$O$2:$O$158,'Data Set 2 - Vehicles'!$A$2:$A$158,'Data Set 1'!A68),IF(_xlpm.maxdate=0,"",_xlpm.maxdate)) -> 39413 | X68: =IF(W68="","No Service Record", IF(W68<EDATE(TODAY(),-48),"InActive","Active")) -> InActive | Y68: =IF(tblCustomers[[#This Row],[total mileage]]=0,"Customer has No Car", IF(AND(tblCustomers[[#This Row],[total mileage]]>0,tblCustomers[[#This Row],[total mileage]]<=100000),"50K - 100K", IF(AND(tblCustomers[[#This Row],[total mileage]]>100000,tblCustomers[[#This Row],[total mileage]]<=200000),"100K-200K","Mileage>200k"))) -> 100K-200K
A69: 1323 | B69: Lorean | C69: Martabano | E69: 85092 Southern Blvd | F69: San Antonio | G69: TX | H69: 78204 | I69: =_xlfn.CONCAT(B69," ",C69) -> Lorean Martabano | J69: =IF(I69=" ",D69,I69) -> Lorean Martabano | K69: =_xlfn.TEXTBEFORE(E69, " ") -> 85092 | L69: =VLOOKUP(A69,'Data Set 3 - Contacts'!$A$2:$F$136,5,FALSE) -> 2108564979 | M69: =VLOOKUP(A69,'Data Set 3 - Contacts'!$A$2:$F$136,6,FALSE) -> 2106342447 | N69: =VLOOKUP(A69,'Data Set 3 - Contacts'!$A$2:$F$136,4,FALSE) -> lorean.martabano@hotmail.com | O69: =_xlfn.XLOOKUP(A69,'Data Set 2 - Vehicles'!$A$2:$A$158,'Data Set 2 - Vehicles'!$B$2:$B$158,0,0,-1) -> 1 | P69: =_xlfn.XLOOKUP(A69,'Data Set 2 - Vehicles'!$A$2:$A$158,'Data Set 2 - Vehicles'!$E$2:$E$158,"Not Found",0,1) -> Ram Van | Q69: =IF(_xlfn.CONCAT(_xlfn.XLOOKUP(A69,'Data Set 2 - Vehicles'!$A$2:$A$158,'Data Set 2 - Vehicles'!$D$2:$D$158,"Not Found",0,1)," ",_xlfn.XLOOKUP(A69,'Data Set 2 - Vehicles'!$A$2:$A$158,'Data Set 2 - Vehicles'!$E$2:$E$158,"Not Found",0,1))="Not Found Not Found", "Not Found",_xlfn.CONCAT(_xlfn.XLOOKUP(A69,'Data Set 2 - Vehicles'!$A$2:$A$158,'Data Set 2 - Vehicles'!$D$2:$D$158,"Not Found",0,1)," ",_xlfn.XLOOKUP(A69,'Data Set 2 - Vehicles'!$A$2:$A$158,'Data Set 2 - Vehicles'!$E$2:$E$158,"Not Found",0,1))) -> Dodge Ram Van | R69: =_xlfn.XLOOKUP(A69,'Data Set 2 - Vehicles'!$A$2:$A$158,'Data Set 2 - Vehicles'!$O$2:$O$158,"",0,1) -> 45499 | S69: =IF(_xlfn.XLOOKUP(A69,'Data Set 2 - Vehicles'!$A$2:$A$158,'Data Set 2 - Vehicles'!$E$2:$E$158,"Has No Vehicle",0,-1)=P69,"Has Only One Vehicle",_xlfn.XLOOKUP(A69,'Data Set 2 - Vehicles'!$A$2:$A$158,'Data Set 2 - Vehicles'!$E$2:$E$158,"Has No Vehcile",0,-1)) -> Has Only One Vehicle | T69: =_xlfn.LET(_xlpm.mfcname,_xlfn.XLOOKUP(A69,'Data Set 2 - Vehicles'!$A$2:$A$158,'Data Set 2 - Vehicles'!$D$2:$D$158,"NF",0,-1),_xlpm.mdlname,_xlfn.XLOOKUP(A69,'Data Set 2 - Vehicles'!$A$2:$A$158,'Data Set 2 - Vehicles'!$E$2:$E$158,"NF",0,-1),_xlpm.vehcilename,_xlfn.CONCAT(_xlpm.mfcname," ",_xlpm.mdlname),IF(S69="Has No Vehicle","Has No Vehicle",IF(S69="Has Only One Vehicle","Has Only One Vehicle",IF(_xlpm.vehcilename="NF NF","Not Found",_xlpm.vehcilename)))) -> Has Only One Vehicle | U69: =_xlfn.LET(_xlpm.vserdate,_xlfn.XLOOKUP(A69,'Data Set 2 - Vehicles'!$A$2:$A$158,'Data Set 2 - Vehicles'!$O$2:$O$158,"NF",0,-1), IF(OR('Data Set 1'!S69="Has No Vehicle",'Data Set 1'!S69="Has Only One Vehicle"),'Data Set 1'!S69,_xlpm.vserdate)) -> Has Only One Vehicle | V69: =SUMIF('Data Set 2 - Vehicles'!$A$2:$A$158,'Data Set 1'!A69,'Data Set 2 - Vehicles'!$Q$2:$Q$158) -> 99624 | W69: =_xlfn.LET(_xlpm.maxdate,_xlfn.MAXIFS('Data Set 2 - Vehicles'!$O$2:$O$158,'Data Set 2 - Vehicles'!$A$2:$A$158,'Data Set 1'!A69),IF(_xlpm.maxdate=0,"",_xlpm.maxdate)) -> 45499 | X69: =IF(W69="","No Service Record", IF(W69<EDATE(TODAY(),-48),"InActive","Active")) -> Active | Y69: =IF(tblCustomers[[#This Row],[total mileage]]=0,"Customer has No Car", IF(AND(tblCustomers[[#This Row],[total mileage]]>0,tblCustomers[[#This Row],[total mileage]]<=100000),"50K - 100K", IF(AND(tblCustomers[[#This Row],[total mileage]]>100000,tblCustomers[[#This Row],[total mileage]]<=200000),"100K-200K","Mileage>200k"))) -> 50K - 100K
A70: 1074 | D70: H Lee Leonard Attorney At Law | E70: 20932 Hedley St | F70: Concord | G70: CA | H70: 94520 | I70: =_xlfn.CONCAT(B70," ",C70) | J70: =IF(I70=" ",D70,I70) -> H Lee Leonard Attorney At Law | K70: =_xlfn.TEXTBEFORE(E70, " ") -> 20932 | L70: =VLOOKUP(A70,'Data Set 3 - Contacts'!$A$2:$F$136,5,FALSE) -> 9256473298 | M70: =VLOOKUP(A70,'Data Set 3 - Contacts'!$A$2:$F$136,6,FALSE) -> 9255227798 | N70: =VLOOKUP(A70,'Data Set 3 - Contacts'!$A$2:$F$136,4,FALSE) -> micaela_rhymes@gmail.com | O70: =_xlfn.XLOOKUP(A70,'Data Set 2 - Vehicles'!$A$2:$A$158,'Data Set 2 - Vehicles'!$B$2:$B$158,0,0,-1) -> 1 | P70: =_xlfn.XLOOKUP(A70,'Data Set 2 - Vehicles'!$A$2:$A$158,'Data Set 2 - Vehicles'!$E$2:$E$158,"Not Found",0,1) -> Town car | Q70: =IF(_xlfn.CONCAT(_xlfn.XLOOKUP(A70,'Data Set 2 - Vehicles'!$A$2:$A$158,'Data Set 2 - Vehicles'!$D$2:$D$158,"Not Found",0,1)," ",_xlfn.XLOOKUP(A70,'Data Set 2 - Vehicles'!$A$2:$A$158,'Data Set 2 - Vehicles'!$E$2:$E$158,"Not Found",0,1))="Not Found Not Found", "Not Found",_xlfn.CONCAT(_xlfn.XLOOKUP(A70,'Data Set 2 - Vehicles'!$A$2:$A$158,'Data Set 2 - Vehicles'!$D$2:$D$158,"Not Found",0,1)," ",_xlfn.XLOOKUP(A70,'Data Set 2 - Vehicles'!$A$2:$A$158,'Data Set 2 - Vehicles'!$E$2:$E$158,"Not Found",0,1))) -> Lincoln Town car | R70: =_xlfn.XLOOKUP(A70,'Data Set 2 - Vehicles'!$A$2:$A$158,'Data Set 2 - Vehicles'!$O$2:$O$158,"",0,1) -> 40698 | S70: =IF(_xlfn.XLOOKUP(A70,'Data Set 2 - Vehicles'!$A$2:$A$158,'Data Set 2 - Vehicles'!$E$2:$E$158,"Has No Vehicle",0,-1)=P70,"Has Only One Vehicle",_xlfn.XLOOKUP(A70,'Data Set 2 - Vehicles'!$A$2:$A$158,'Data Set 2 - Vehicles'!$E$2:$E$158,"Has No Vehcile",0,-1)) -> Has Only One Vehicle | T70: =_xlfn.LET(_xlpm.mfcname,_xlfn.XLOOKUP(A70,'Data Set 2 - Vehicles'!$A$2:$A$158,'Data Set 2 - Vehicles'!$D$2:$D$158,"NF",0,-1),_xlpm.mdlname,_xlfn.XLOOKUP(A70,'Data Set 2 - Vehicles'!$A$2:$A$158,'Data Set 2 - Vehicles'!$E$2:$E$158,"NF",0,-1),_xlpm.vehcilename,_xlfn.CONCAT(_xlpm.mfcname," ",_xlpm.mdlname),IF(S70="Has No Vehicle","Has No Vehicle",IF(S70="Has Only One Vehicle","Has Only One Vehicle",IF(_xlpm.vehcilename="NF NF","Not Found",_xlpm.vehcilename)))) -> Has Only One Vehicle | U70: =_xlfn.LET(_xlpm.vserdate,_xlfn.XLOOKUP(A70,'Data Set 2 - Vehicles'!$A$2:$A$158,'Data Set 2 - Vehicles'!$O$2:$O$158,"NF",0,-1), IF(OR('Data Set 1'!S70="Has No Vehicle",'Data Set 1'!S70="Has Only One Vehicle"),'Data Set 1'!S70,_xlpm.vserdate)) -> Has Only One Vehicle | V70: =SUMIF('Data Set 2 - Vehicles'!$A$2:$A$158,'Data Set 1'!A70,'Data Set 2 - Vehicles'!$Q$2:$Q$158) -> 232187 | W70: =_xlfn.LET(_xlpm.maxdate,_xlfn.MAXIFS('Data Set 2 - Vehicles'!$O$2:$O$158,'Data Set 2 - Vehicles'!$A$2:$A$158,'Data Set 1'!A70),IF(_xlpm.maxdate=0,"",_xlpm.maxdate)) -> 40698 | X70: =IF(W70="","No Service Record", IF(W70<EDATE(TODAY(),-48),"InActive","Active")) -> InActive | Y70: =IF(tblCustomers[[#This Row],[total mileage]]=0,"Customer has No Car", IF(AND(tblCustomers[[#This Row],[total mileage]]>0,tblCustomers[[#This Row],[total mileage]]<=100000),"50K - 100K", IF(AND(tblCustomers[[#This Row],[total mileage]]>100000,tblCustomers[[#This Row],[total mileage]]<=200000),"100K-200K","Mileage>200k"))) -> Mileage>200k
A71: 1134 | D71: Honey Bee Breeding Genetics & | E71: 9387 Charcot Ave | F71: Absecon | G71: NJ | H71: 8201 | I71: =_xlfn.CONCAT(B71," ",C71) | J71: =IF(I71=" ",D71,I71) -> Honey Bee Breeding Genetics & | K71: =_xlfn.TEXTBEFORE(E71, " ") -> 9387 | L71: =VLOOKUP(A71,'Data Set 3 - Contacts'!$A$2:$F$136,5,FALSE) -> 6095243586 | M71: =VLOOKUP(A71,'Data Set 3 - Contacts'!$A$2:$F$136,6,FALSE) -> 6092348376 | N71: =VLOOKUP(A71,'Data Set 3 - Contacts'!$A$2:$F$136,4,FALSE) -> thurman.manno@yahoo.com | O71: =_xlfn.XLOOKUP(A71,'Data Set 2 - Vehicles'!$A$2:$A$158,'Data Set 2 - Vehicles'!$B$2:$B$158,0,0,-1) -> 1 | P71: =_xlfn.XLOOKUP(A71,'Data Set 2 - Vehicles'!$A$2:$A$158,'Data Set 2 - Vehicles'!$E$2:$E$158,"Not Found",0,1) -> Prizm | Q71: =IF(_xlfn.CONCAT(_xlfn.XLOOKUP(A71,'Data Set 2 - Vehicles'!$A$2:$A$158,'Data Set 2 - Vehicles'!$D$2:$D$158,"Not Found",0,1)," ",_xlfn.XLOOKUP(A71,'Data Set 2 - Vehicles'!$A$2:$A$158,'Data Set 2 - Vehicles'!$E$2:$E$158,"Not Found",0,1))="Not Found Not Found", "Not Found",_xlfn.CONCAT(_xlfn.XLOOKUP(A71,'Data Set 2 - Vehicles'!$A$2:$A$158,'Data Set 2 - Vehicles'!$D$2:$D$158,"Not Found",0,1)," ",_xlfn.XLOOKUP(A71,'Data Set 2 - Vehicles'!$A$2:$A$158,'Data Set 2 - Vehicles'!$E$2:$E$158,"Not Found",0,1))) -> Chevrolet Prizm | R71: =_xlfn.XLOOKUP(A71,'Data Set 2 - Vehicles'!$A$2:$A$158,'Data Set 2 - Vehicles'!$O$2:$O$158,"",0,1) -> 42258 | S71: =IF(_xlfn.XLOOKUP(A71,'Data Set 2 - Vehicles'!$A$2:$A$158,'Data Set 2 - Vehicles'!$E$2:$E$158,"Has No Vehicle",0,-1)=P71,"Has Only One Vehicle",_xlfn.XLOOKUP(A71,'Data Set 2 - Vehicles'!$A$2:$A$158,'Data Set 2 - Vehicles'!$E$2:$E$158,"Has No Vehcile",0,-1)) -> Has Only One Vehicle | T71: =_xlfn.LET(_xlpm.mfcname,_xlfn.XLOOKUP(A71,'Data Set 2 - Vehicles'!$A$2:$A$158,'Data Set 2 - Vehicles'!$D$2:$D$158,"NF",0,-1),_xlpm.mdlname,_xlfn.XLOOKUP(A71,'Data Set 2 - Vehicles'!$A$2:$A$158,'Data Set 2 - Vehicles'!$E$2:$E$158,"NF",0,-1),_xlpm.vehcilename,_xlfn.CONCAT(_xlpm.mfcname," ",_xlpm.mdlname),IF(S71="Has No Vehicle","Has No Vehicle",IF(S71="Has Only One Vehicle","Has Only One Vehicle",IF(_xlpm.vehcilename="NF NF","Not Found",_xlpm.vehcilename)))) -> Has Only One Vehicle | U71: =_xlfn.LET(_xlpm.vserdate,_xlfn.XLOOKUP(A71,'Data Set 2 - Vehicles'!$A$2:$A$158,'Data Set 2 - Vehicles'!$O$2:$O$158,"NF",0,-1), IF(OR('Data Set 1'!S71="Has No Vehicle",'Data Set 1'!S71="Has Only One Vehicle"),'Data Set 1'!S71,_xlpm.vserdate)) -> Has Only One Vehicle | V71: =SUMIF('Data Set 2 - Vehicles'!$A$2:$A$158,'Data Set 1'!A71,'Data Set 2 - Vehicles'!$Q$2:$Q$158) -> 86300 | W71: =_xlfn.LET(_xlpm.maxdate,_xlfn.MAXIFS('Data Set 2 - Vehicles'!$O$2:$O$158,'Data Set 2 - Vehicles'!$A$2:$A$158,'Data Set 1'!A71),IF(_xlpm.maxdate=0,"",_xlpm.maxdate)) -> 42258 | X71: =IF(W71="","No Service Record", IF(W71<EDATE(TODAY(),-48),"InActive","Active")) -> InActive | Y71: =IF(tblCustomers[[#This Row],[total mileage]]=0,"Customer has No Car", IF(AND(tblCustomers[[#This Row],[total mileage]]>0,tblCustomers[[#This Row],[total mileage]]<=100000),"50K - 100K", IF(AND(tblCustomers[[#This Row],[total mileage]]>100000,tblCustomers[[#This Row],[total mileage]]<=200000),"100K-200K","Mileage>200k"))) -> 50K - 100K
A72: 1489 | D72: Icn Pharmaceuticals Inc | E72: 3338 A Lockport Pl #6 | F72: Margate City | G72: NJ | H72: 8402 | I72: =_xlfn.CONCAT(B72," ",C72) | J72: =IF(I72=" ",D72,I72) -> Icn Pharmaceuticals Inc | K72: =_xlfn.TEXTBEFORE(E72, " ") -> 3338 | L72: =VLOOKUP(A72,'Data Set 3 - Contacts'!$A$2:$F$136,5,FALSE) -> 6093733332 | M72: =VLOOKUP(A72,'Data Set 3 - Contacts'!$A$2:$F$136,6,FALSE) | N72: =VLOOKUP(A72,'Data Set 3 - Contacts'!$A$2:$F$136,4,FALSE) -> catalina@hotmail.com | O72: =_xlfn.XLOOKUP(A72,'Data Set 2 - Vehicles'!$A$2:$A$158,'Data Set 2 - Vehicles'!$B$2:$B$158,0,0,-1) -> 1 | P72: =_xlfn.XLOOKUP(A72,'Data Set 2 - Vehicles'!$A$2:$A$158,'Data Set 2 - Vehicles'!$E$2:$E$158,"Not Found",0,1) -> Camaro | Q72: =IF(_xlfn.CONCAT(_xlfn.XLOOKUP(A72,'Data Set 2 - Vehicles'!$A$2:$A$158,'Data Set 2 - Vehicles'!$D$2:$D$158,"Not Found",0,1)," ",_xlfn.XLOOKUP(A72,'Data Set 2 - Vehicles'!$A$2:$A$158,'Data Set 2 - Vehicles'!$E$2:$E$158,"Not Found",0,1))="Not Found Not Found", "Not Found",_xlfn.CONCAT(_xlfn.XLOOKUP(A72,'Data Set 2 - Vehicles'!$A$2:$A$158,'Data Set 2 - Vehicles'!$D$2:$D$158,"Not Found",0,1)," ",_xlfn.XLOOKUP(A72,'Data Set 2 - Vehicles'!$A$2:$A$158,'Data Set 2 - Vehicles'!$E$2:$E$158,"Not Found",0,1))) -> Chevrolet Camaro | R72: =_xlfn.XLOOKUP(A72,'Data Set 2 - Vehicles'!$A$2:$A$158,'Data Set 2 - Vehicles'!$O$2:$O$158,"",0,1) -> 42666 | S72: =IF(_xlfn.XLOOKUP(A72,'Data Set 2 - Vehicles'!$A$2:$A$158,'Data Set 2 - Vehicles'!$E$2:$E$158,"Has No Vehicle",0,-1)=P72,"Has Only One Vehicle",_xlfn.XLOOKUP(A72,'Data Set 2 - Vehicles'!$A$2:$A$158,'Data Set 2 - Vehicles'!$E$2:$E$158,"Has No Vehcile",0,-1)) -> Has Only One Vehicle | T72: =_xlfn.LET(_xlpm.mfcname,_xlfn.XLOOKUP(A72,'Data Set 2 - Vehicles'!$A$2:$A$158,'Data Set 2 - Vehicles'!$D$2:$D$158,"NF",0,-1),_xlpm.mdlname,_xlfn.XLOOKUP(A72,'Data Set 2 - Vehicles'!$A$2:$A$158,'Data Set 2 - Vehicles'!$E$2:$E$158,"NF",0,-1),_xlpm.vehcilename,_xlfn.CONCAT(_xlpm.mfcname," ",_xlpm.mdlname),IF(S72="Has No Vehicle","Has No Vehicle",IF(S72="Has Only One Vehicle","Has Only One Vehicle",IF(_xlpm.vehcilename="NF NF","Not Found",_xlpm.vehcilename)))) -> Has Only One Vehicle | U72: =_xlfn.LET(_xlpm.vserdate,_xlfn.XLOOKUP(A72,'Data Set 2 - Vehicles'!$A$2:$A$158,'Data Set 2 - Vehicles'!$O$2:$O$158,"NF",0,-1), IF(OR('Data Set 1'!S72="Has No Vehicle",'Data Set 1'!S72="Has Only One Vehicle"),'Data Set 1'!S72,_xlpm.vserdate)) -> Has Only One Vehicle | V72: =SUMIF('Data Set 2 - Vehicles'!$A$2:$A$158,'Data Set 1'!A72,'Data Set 2 - Vehicles'!$Q$2:$Q$158) -> 298862 | W72: =_xlfn.LET(_xlpm.maxdate,_xlfn.MAXIFS('Data Set 2 - Vehicles'!$O$2:$O$158,'Data Set 2 - Vehicles'!$A$2:$A$158,'Data Set 1'!A72),IF(_xlpm.maxdate=0,"",_xlpm.maxdate)) -> 42666 | X72: =IF(W72="","No Service Record", IF(W72<EDATE(TODAY(),-48),"InActive","Active")) -> InActive | Y72: =IF(tblCustomers[[#This Row],[total mileage]]=0,"Customer has No Car", IF(AND(tblCustomers[[#This Row],[total mileage]]>0,tblCustomers[[#This Row],[total mileage]]<=100000),"50K - 100K", IF(AND(tblCustomers[[#This Row],[total mileage]]>100000,tblCustomers[[#This Row],[total mileage]]<=200000),"100K-200K","Mileage>200k"))) -> Mileage>200k
A73: 1023 | B73: Willard | C73: Kolmetz | E73: 618 W Yakima Ave | F73: Irving | G73: TX | H73: 75062 | I73: =_xlfn.CONCAT(B73," ",C73) -> Willard Kolmetz | J73: =IF(I73=" ",D73,I73) -> Willard Kolmetz | K73: =_xlfn.TEXTBEFORE(E73, " ") -> 618 | L73: =VLOOKUP(A73,'Data Set 3 - Contacts'!$A$2:$F$136,5,FALSE) -> 9723039197 | M73: =VLOOKUP(A73,'Data Set 3 - Contacts'!$A$2:$F$136,6,FALSE) | N73: =VLOOKUP(A73,'Data Set 3 - Contacts'!$A$2:$F$136,4,FALSE) -> willard@hotmail.com | O73: =_xlfn.XLOOKUP(A73,'Data Set 2 - Vehicles'!$A$2:$A$158,'Data Set 2 - Vehicles'!$B$2:$B$158,0,0,-1) -> 1 | P73: =_xlfn.XLOOKUP(A73,'Data Set 2 - Vehicles'!$A$2:$A$158,'Data Set 2 - Vehicles'!$E$2:$E$158,"Not Found",0,1) -> Cutlass | Q73: =IF(_xlfn.CONCAT(_xlfn.XLOOKUP(A73,'Data Set 2 - Vehicles'!$A$2:$A$158,'Data Set 2 - Vehicles'!$D$2:$D$158,"Not Found",0,1)," ",_xlfn.XLOOKUP(A73,'Data Set 2 - Vehicles'!$A$2:$A$158,'Data Set 2 - Vehicles'!$E$2:$E$158,"Not Found",0,1))="Not Found Not Found", "Not Found",_xlfn.CONCAT(_xlfn.XLOOKUP(A73,'Data Set 2 - Vehicles'!$A$2:$A$158,'Data Set 2 - Vehicles'!$D$2:$D$158,"Not Found",0,1)," ",_xlfn.XLOOKUP(A73,'Data Set 2 - Vehicles'!$A$2:$A$158,'Data Set 2 - Vehicles'!$E$2:$E$158,"Not Found",0,1))) -> Oldsmobile Cutlass | R73: =_xlfn.XLOOKUP(A73,'Data Set 2 - Vehicles'!$A$2:$A$158,'Data Set 2 - Vehicles'!$O$2:$O$158,"",0,1) -> 38868 | S73: =IF(_xlfn.XLOOKUP(A73,'Data Set 2 - Vehicles'!$A$2:$A$158,'Data Set 2 - Vehicles'!$E$2:$E$158,"Has No Vehicle",0,-1)=P73,"Has Only One Vehicle",_xlfn.XLOOKUP(A73,'Data Set 2 - Vehicles'!$A$2:$A$158,'Data Set 2 - Vehicles'!$E$2:$E$158,"Has No Vehcile",0,-1)) -> Has Only One Vehicle | T73: =_xlfn.LET(_xlpm.mfcname,_xlfn.XLOOKUP(A73,'Data Set 2 - Vehicles'!$A$2:$A$158,'Data Set 2 - Vehicles'!$D$2:$D$158,"NF",0,-1),_xlpm.mdlname,_xlfn.XLOOKUP(A73,'Data Set 2 - Vehicles'!$A$2:$A$158,'Data Set 2 - Vehicles'!$E$2:$E$158,"NF",0,-1),_xlpm.vehcilename,_xlfn.CONCAT(_xlpm.mfcname," ",_xlpm.mdlname),IF(S73="Has No Vehicle","Has No Vehicle",IF(S73="Has Only One Vehicle","Has Only One Vehicle",IF(_xlpm.vehcilename="NF NF","Not Found",_xlpm.vehcilename)))) -> Has Only One Vehicle | U73: =_xlfn.LET(_xlpm.vserdate,_xlfn.XLOOKUP(A73,'Data Set 2 - Vehicles'!$A$2:$A$158,'Data Set 2 - Vehicles'!$O$2:$O$158,"NF",0,-1), IF(OR('Data Set 1'!S73="Has No Vehicle",'Data Set 1'!S73="Has Only One Vehicle"),'Data Set 1'!S73,_xlpm.vserdate)) -> Has Only One Vehicle | V73: =SUMIF('Data Set 2 - Vehicles'!$A$2:$A$158,'Data Set 1'!A73,'Data Set 2 - Vehicles'!$Q$2:$Q$158) -> 232945 | W73: =_xlfn.LET(_xlpm.maxdate,_xlfn.MAXIFS('Data Set 2 - Vehicles'!$O$2:$O$158,'Data Set 2 - Vehicles'!$A$2:$A$158,'Data Set 1'!A73),IF(_xlpm.maxdate=0,"",_xlpm.maxdate)) -> 38868 | X73: =IF(W73="","No Service Record", IF(W73<EDATE(TODAY(),-48),"InActive","Active")) -> InActive | Y73: =IF(tblCustomers[[#This Row],[total mileage]]=0,"Customer has No Car", IF(AND(tblCustomers[[#This Row],[total mileage]]>0,tblCustomers[[#This Row],[total mileage]]<=100000),"50K - 100K", IF(AND(tblCustomers[[#This Row],[total mileage]]>100000,tblCustomers[[#This Row],[total mileage]]<=200000),"100K-200K","Mileage>200k"))) -> Mileage>200k
A74: 1496 | B74: Brittni | C74: Gillaspie | D74: Inner Label | E74: 67 Rv Cent | F74: Boise | G74: ID | H74: 83709 | I74: =_xlfn.CONCAT(B74," ",C74) -> Brittni Gillaspie | J74: =IF(I74=" ",D74,I74) -> Brittni Gillaspie | K74: =_xlfn.TEXTBEFORE(E74, " ") -> 67 | L74: =VLOOKUP(A74,'Data Set 3 - Contacts'!$A$2:$F$136,5,FALSE) -> 2087091235 | M74: =VLOOKUP(A74,'Data Set 3 - Contacts'!$A$2:$F$136,6,FALSE) | N74: =VLOOKUP(A74,'Data Set 3 - Contacts'!$A$2:$F$136,4,FALSE) -> bgillaspie@gillaspie.com | O74: =_xlfn.XLOOKUP(A74,'Data Set 2 - Vehicles'!$A$2:$A$158,'Data Set 2 - Vehicles'!$B$2:$B$158,0,0,-1) -> 2 | P74: =_xlfn.XLOOKUP(A74,'Data Set 2 - Vehicles'!$A$2:$A$158,'Data Set 2 - Vehicles'!$E$2:$E$158,"Not Found",0,1) -> Integra | Q74: =IF(_xlfn.CONCAT(_xlfn.XLOOKUP(A74,'Data Set 2 - Vehicles'!$A$2:$A$158,'Data Set 2 - Vehicles'!$D$2:$D$158,"Not Found",0,1)," ",_xlfn.XLOOKUP(A74,'Data Set 2 - Vehicles'!$A$2:$A$158,'Data Set 2 - Vehicles'!$E$2:$E$158,"Not Found",0,1))="Not Found Not Found", "Not Found",_xlfn.CONCAT(_xlfn.XLOOKUP(A74,'Data Set 2 - Vehicles'!$A$2:$A$158,'Data Set 2 - Vehicles'!$D$2:$D$158,"Not Found",0,1)," ",_xlfn.XLOOKUP(A74,'Data Set 2 - Vehicles'!$A$2:$A$158,'Data Set 2 - Vehicles'!$E$2:$E$158,"Not Found",0,1))) -> Acura Integra | R74: =_xlfn.XLOOKUP(A74,'Data Set 2 - Vehicles'!$A$2:$A$158,'Data Set 2 - Vehicles'!$O$2:$O$158,"",0,1) -> 39480 | S74: =IF(_xlfn.XLOOKUP(A74,'Data Set 2 - Vehicles'!$A$2:$A$158,'Data Set 2 - Vehicles'!$E$2:$E$158,"Has No Vehicle",0,-1)=P74,"Has Only One Vehicle",_xlfn.XLOOKUP(A74,'Data Set 2 - Vehicles'!$A$2:$A$158,'Data Set 2 - Vehicles'!$E$2:$E$158,"Has No Vehcile",0,-1)) -> Durango | T74: =_xlfn.LET(_xlpm.mfcname,_xlfn.XLOOKUP(A74,'Data Set 2 - Vehicles'!$A$2:$A$158,'Data Set 2 - Vehicles'!$D$2:$D$158,"NF",0,-1),_xlpm.mdlname,_xlfn.XLOOKUP(A74,'Data Set 2 - Vehicles'!$A$2:$A$158,'Data Set 2 - Vehicles'!$E$2:$E$158,"NF",0,-1),_xlpm.vehcilename,_xlfn.CONCAT(_xlpm.mfcname," ",_xlpm.mdlname),IF(S74="Has No Vehicle","Has No Vehicle",IF(S74="Has Only One Vehicle","Has Only One Vehicle",IF(_xlpm.vehcilename="NF NF","Not Found",_xlpm.vehcilename)))) -> Dodge Durango | U74: =_xlfn.LET(_xlpm.vserdate,_xlfn.XLOOKUP(A74,'Data Set 2 - Vehicles'!$A$2:$A$158,'Data Set 2 - Vehicles'!$O$2:$O$158,"NF",0,-1), IF(OR('Data Set 1'!S74="Has No Vehicle",'Data Set 1'!S74="Has Only One Vehicle"),'Data Set 1'!S74,_xlpm.vserdate)) -> 42548 | V74: =SUMIF('Data Set 2 - Vehicles'!$A$2:$A$158,'Data Set 1'!A74,'Data Set 2 - Vehicles'!$Q$2:$Q$158) -> 417525 | W74: =_xlfn.LET(_xlpm.maxdate,_xlfn.MAXIFS('Data Set 2 - Vehicles'!$O$2:$O$158,'Data Set 2 - Vehicles'!$A$2:$A$158,'Data Set 1'!A74),IF(_xlpm.maxdate=0,"",_xlpm.maxdate)) -> 42548 | X74: =IF(W74="","No Service Record", IF(W74<EDATE(TODAY(),-48),"InActive","Active")) -> InActive | Y74: =IF(tblCustomers[[#This Row],[total mileage]]=0,"Customer has No Car", IF(AND(tblCustomers[[#This Row],[total mileage]]>0,tblCustomers[[#This Row],[total mileage]]<=100000),"50K - 100K", IF(AND(tblCustomers[[#This Row],[total mileage]]>100000,tblCustomers[[#This Row],[total mileage]]<=200000),"100K-200K","Mileage>200k"))) -> Mileage>200k
A75: 1280 | D75: Italian Express Franchise Corp | E75: 5 Green Pond Rd #4 | F75: Southampton | G75: PA | H75: 18966 | I75: =_xlfn.CONCAT(B75," ",C75) | J75: =IF(I75=" ",D75,I75) -> Italian Express Franchise Corp | K75: =_xlfn.TEXTBEFORE(E75, " ") -> 5 | L75: =VLOOKUP(A75,'Data Set 3 - Contacts'!$A$2:$F$136,5,FALSE) -> 2159798776 | M75: =VLOOKUP(A75,'Data Set 3 - Contacts'!$A$2:$F$136,6,FALSE) | N75: =VLOOKUP(A75,'Data Set 3 - Contacts'!$A$2:$F$136,4,FALSE) -> garry_keetch@hotmail.com | O75: =_xlfn.XLOOKUP(A75,'Data Set 2 - Vehicles'!$A$2:$A$158,'Data Set 2 - Vehicles'!$B$2:$B$158,0,0,-1) -> 0 | P75: =_xlfn.XLOOKUP(A75,'Data Set 2 - Vehicles'!$A$2:$A$158,'Data Set 2 - Vehicles'!$E$2:$E$158,"Not Found",0,1) -> Not Found | Q75: =IF(_xlfn.CONCAT(_xlfn.XLOOKUP(A75,'Data Set 2 - Vehicles'!$A$2:$A$158,'Data Set 2 - Vehicles'!$D$2:$D$158,"Not Found",0,1)," ",_xlfn.XLOOKUP(A75,'Data Set 2 - Vehicles'!$A$2:$A$158,'Data Set 2 - Vehicles'!$E$2:$E$158,"Not Found",0,1))="Not Found Not Found", "Not Found",_xlfn.CONCAT(_xlfn.XLOOKUP(A75,'Data Set 2 - Vehicles'!$A$2:$A$158,'Data Set 2 - Vehicles'!$D$2:$D$158,"Not Found",0,1)," ",_xlfn.XLOOKUP(A75,'Data Set 2 - Vehicles'!$A$2:$A$158,'Data Set 2 - Vehicles'!$E$2:$E$158,"Not Found",0,1))) -> Not Found | R75: =_xlfn.XLOOKUP(A75,'Data Set 2 - Vehicles'!$A$2:$A$158,'Data Set 2 - Vehicles'!$O$2:$O$158,"",0,1) | S75: =IF(_xlfn.XLOOKUP(A75,'Data Set 2 - Vehicles'!$A$2:$A$158,'Data Set 2 - Vehicles'!$E$2:$E$158,"Has No Vehicle",0,-1)=P75,"Has Only One Vehicle",_xlfn.XLOOKUP(A75,'Data Set 2 - Vehicles'!$A$2:$A$158,'Data Set 2 - Vehicles'!$E$2:$E$158,"Has No Vehcile",0,-1)) -> Has No Vehcile | T75: =_xlfn.LET(_xlpm.mfcname,_xlfn.XLOOKUP(A75,'Data Set 2 - Vehicles'!$A$2:$A$158,'Data Set 2 - Vehicles'!$D$2:$D$158,"NF",0,-1),_xlpm.mdlname,_xlfn.XLOOKUP(A75,'Data Set 2 - Vehicles'!$A$2:$A$158,'Data Set 2 - Vehicles'!$E$2:$E$158,"NF",0,-1),_xlpm.vehcilename,_xlfn.CONCAT(_xlpm.mfcname," ",_xlpm.mdlname),IF(S75="Has No Vehicle","Has No Vehicle",IF(S75="Has Only One Vehicle","Has Only One Vehicle",IF(_xlpm.vehcilename="NF NF","Not Found",_xlpm.vehcilename)))) -> Not Found | U75: =_xlfn.LET(_xlpm.vserdate,_xlfn.XLOOKUP(A75,'Data Set 2 - Vehicles'!$A$2:$A$158,'Data Set 2 - Vehicles'!$O$2:$O$158,"NF",0,-1), IF(OR('Data Set 1'!S75="Has No Vehicle",'Data Set 1'!S75="Has Only One Vehicle"),'Data Set 1'!S75,_xlpm.vserdate)) -> NF | V75: =SUMIF('Data Set 2 - Vehicles'!$A$2:$A$158,'Data Set 1'!A75,'Data Set 2 - Vehicles'!$Q$2:$Q$158) -> 0 | W75: =_xlfn.LET(_xlpm.maxdate,_xlfn.MAXIFS('Data Set 2 - Vehicles'!$O$2:$O$158,'Data Set 2 - Vehicles'!$A$2:$A$158,'Data Set 1'!A75),IF(_xlpm.maxdate=0,"",_xlpm.maxdate)) | X75: =IF(W75="","No Service Record", IF(W75<EDATE(TODAY(),-48),"InActive","Active")) -> No Service Record | Y75: =IF(tblCustomers[[#This Row],[total mileage]]=0,"Customer has No Car", IF(AND(tblCustomers[[#This Row],[total mileage]]>0,tblCustomers[[#This Row],[total mileage]]<=100000),"50K - 100K", IF(AND(tblCustomers[[#This Row],[total mileage]]>100000,tblCustomers[[#This Row],[total mileage]]<=200000),"100K-200K","Mileage>200k"))) -> Customer has No Car
